scenario_id,climate_zone,climate_zone_name,outdoor_winter_db_f,outdoor_summer_db_f,outdoor_summer_wb_f,indoor_winter_setpoint_f,indoor_summer_setpoint_f,floor_area_sqft,dwelling_volume_cuft,wall_assembly_id,wall_effective_u_factor,fenestration_id,fenestration_u_factor,fenestration_shgc,infiltration_ach50,infiltration_design_cfm,heating_conduction_loss_btu_h,heating_infiltration_loss_btu_h,total_peak_heating_load_btu_h,summer_conduction_gain_btu_h,summer_fenestration_solar_gain_btu_h,summer_sensible_infiltration_btu_h,summer_internal_sensible_gain_btu_h,total_cooling_sensible_load_btu_h,total_cooling_latent_load_btu_h,total_cooling_peak_load_btu_h,calculated_cooling_tonnage,rule_of_thumb_tonnage_500sqft,heuristic_oversize_percentage,sensible_heat_ratio_shr,canonical_reference_url
ENV-0001,CZ-2,"Hot-Humid (Orlando/Houston)",35,95,78,70,75,1500,12000,R-11_2x4_16OC_Legacy,0.106,Single_Clear_Aluminum,1.05,0.72,8.5,93.4,15860,3531,19391,10120,7862,2017,2790,22789,4895,27684,2.31,3,29.9,0.823,https://hvaclogic.org/calculators/btu-calculator
ENV-0002,CZ-2,"Hot-Humid (Orlando/Houston)",35,95,78,70,75,2500,21250,R-11_2x4_16OC_Legacy,0.106,Single_Clear_Aluminum,1.05,0.72,8.5,165.4,24205,6252,30457,15336,11981,3573,3420,34310,8405,42715,3.56,5,40.4,0.803,https://hvaclogic.org/calculators/btu-calculator
ENV-0003,CZ-2,"Hot-Humid (Orlando/Houston)",35,95,78,70,75,3600,32400,R-11_2x4_16OC_Legacy,0.106,Single_Clear_Aluminum,1.05,0.72,8.5,252.2,33460,9533,42993,21058,16848,5448,4050,47404,12596,60000,5,7.2,44,0.79,https://hvaclogic.org/calculators/btu-calculator
ENV-0004,CZ-2,"Hot-Humid (Orlando/Houston)",35,95,78,70,75,1500,12000,R-11_2x4_16OC_Legacy,0.106,Single_Clear_Aluminum,1.05,0.72,3.5,38.5,15860,1455,17315,10120,7862,832,2790,21604,2370,23974,2,3,50,0.901,https://hvaclogic.org/calculators/btu-calculator
ENV-0005,CZ-2,"Hot-Humid (Orlando/Houston)",35,95,78,70,75,2500,21250,R-11_2x4_16OC_Legacy,0.106,Single_Clear_Aluminum,1.05,0.72,3.5,68.1,24205,2574,26779,15336,11981,1471,3420,32208,3931,36139,3.01,5,66.1,0.891,https://hvaclogic.org/calculators/btu-calculator
ENV-0006,CZ-2,"Hot-Humid (Orlando/Houston)",35,95,78,70,75,3600,32400,R-11_2x4_16OC_Legacy,0.106,Single_Clear_Aluminum,1.05,0.72,3.5,103.8,33460,3924,37384,21058,16848,2242,4050,44198,5773,49971,4.16,7.2,73.1,0.884,https://hvaclogic.org/calculators/btu-calculator
ENV-0007,CZ-2,"Hot-Humid (Orlando/Houston)",35,95,78,70,75,1500,12000,R-11_2x4_16OC_Legacy,0.106,Single_Clear_Aluminum,1.05,0.72,1.2,13.2,15860,499,16359,10120,7862,285,2790,21057,1207,22264,1.86,3,61.3,0.946,https://hvaclogic.org/calculators/btu-calculator
ENV-0008,CZ-2,"Hot-Humid (Orlando/Houston)",35,95,78,70,75,2500,21250,R-11_2x4_16OC_Legacy,0.106,Single_Clear_Aluminum,1.05,0.72,1.2,23.4,24205,885,25090,15336,11981,505,3420,31242,1876,33118,2.76,5,81.2,0.943,https://hvaclogic.org/calculators/btu-calculator
ENV-0009,CZ-2,"Hot-Humid (Orlando/Houston)",35,95,78,70,75,3600,32400,R-11_2x4_16OC_Legacy,0.106,Single_Clear_Aluminum,1.05,0.72,1.2,35.6,33460,1346,34806,21058,16848,769,4050,42725,2637,45362,3.78,7.2,90.5,0.942,https://hvaclogic.org/calculators/btu-calculator
ENV-0010,CZ-2,"Hot-Humid (Orlando/Houston)",35,95,78,70,75,1500,12000,R-11_2x4_16OC_Legacy,0.106,Double_Clear_Metal,0.48,0.58,8.5,93.4,11670,3531,15201,7726,6334,2017,2790,18867,4895,23762,1.98,3,51.5,0.794,https://hvaclogic.org/calculators/btu-calculator
ENV-0011,CZ-2,"Hot-Humid (Orlando/Houston)",35,95,78,70,75,2500,21250,R-11_2x4_16OC_Legacy,0.106,Double_Clear_Metal,0.48,0.58,8.5,165.4,17821,6252,24073,11688,9651,3573,3420,28332,8405,36737,3.06,5,63.4,0.771,https://hvaclogic.org/calculators/btu-calculator
ENV-0012,CZ-2,"Hot-Humid (Orlando/Houston)",35,95,78,70,75,3600,32400,R-11_2x4_16OC_Legacy,0.106,Double_Clear_Metal,0.48,0.58,8.5,252.2,24483,9533,34016,15928,13572,5448,4050,38998,12596,51594,4.3,7.2,67.4,0.756,https://hvaclogic.org/calculators/btu-calculator
ENV-0013,CZ-2,"Hot-Humid (Orlando/Houston)",35,95,78,70,75,1500,12000,R-11_2x4_16OC_Legacy,0.106,Double_Clear_Metal,0.48,0.58,3.5,38.5,11670,1455,13125,7726,6334,832,2790,17682,2370,20052,1.67,3,79.6,0.882,https://hvaclogic.org/calculators/btu-calculator
ENV-0014,CZ-2,"Hot-Humid (Orlando/Houston)",35,95,78,70,75,2500,21250,R-11_2x4_16OC_Legacy,0.106,Double_Clear_Metal,0.48,0.58,3.5,68.1,17821,2574,20395,11688,9651,1471,3420,26230,3931,30161,2.51,5,99.2,0.87,https://hvaclogic.org/calculators/btu-calculator
ENV-0015,CZ-2,"Hot-Humid (Orlando/Houston)",35,95,78,70,75,3600,32400,R-11_2x4_16OC_Legacy,0.106,Double_Clear_Metal,0.48,0.58,3.5,103.8,24483,3924,28407,15928,13572,2242,4050,35792,5773,41565,3.46,7.2,108.1,0.861,https://hvaclogic.org/calculators/btu-calculator
ENV-0016,CZ-2,"Hot-Humid (Orlando/Houston)",35,95,78,70,75,1500,12000,R-11_2x4_16OC_Legacy,0.106,Double_Clear_Metal,0.48,0.58,1.2,13.2,11670,499,12169,7726,6334,285,2790,17135,1207,18342,1.53,3,96.1,0.934,https://hvaclogic.org/calculators/btu-calculator
ENV-0017,CZ-2,"Hot-Humid (Orlando/Houston)",35,95,78,70,75,2500,21250,R-11_2x4_16OC_Legacy,0.106,Double_Clear_Metal,0.48,0.58,1.2,23.4,17821,885,18706,11688,9651,505,3420,25264,1876,27140,2.26,5,121.2,0.931,https://hvaclogic.org/calculators/btu-calculator
ENV-0018,CZ-2,"Hot-Humid (Orlando/Houston)",35,95,78,70,75,3600,32400,R-11_2x4_16OC_Legacy,0.106,Double_Clear_Metal,0.48,0.58,1.2,35.6,24483,1346,25829,15928,13572,769,4050,34319,2637,36956,3.08,7.2,133.8,0.929,https://hvaclogic.org/calculators/btu-calculator
ENV-0019,CZ-2,"Hot-Humid (Orlando/Houston)",35,95,78,70,75,1500,12000,R-11_2x4_16OC_Legacy,0.106,Double_LowE_Argon_Vinyl,0.28,0.24,8.5,93.4,10200,3531,13731,6886,2621,2017,2790,14314,4895,19209,1.6,3,87.5,0.745,https://hvaclogic.org/calculators/btu-calculator
ENV-0020,CZ-2,"Hot-Humid (Orlando/Houston)",35,95,78,70,75,2500,21250,R-11_2x4_16OC_Legacy,0.106,Double_LowE_Argon_Vinyl,0.28,0.24,8.5,165.4,15581,6252,21833,10408,3994,3573,3420,21395,8405,29800,2.48,5,101.6,0.718,https://hvaclogic.org/calculators/btu-calculator
ENV-0021,CZ-2,"Hot-Humid (Orlando/Houston)",35,95,78,70,75,3600,32400,R-11_2x4_16OC_Legacy,0.106,Double_LowE_Argon_Vinyl,0.28,0.24,8.5,252.2,21333,9533,30866,14128,5616,5448,4050,29242,12596,41838,3.49,7.2,106.3,0.699,https://hvaclogic.org/calculators/btu-calculator
ENV-0022,CZ-2,"Hot-Humid (Orlando/Houston)",35,95,78,70,75,1500,12000,R-11_2x4_16OC_Legacy,0.106,Double_LowE_Argon_Vinyl,0.28,0.24,3.5,38.5,10200,1455,11655,6886,2621,832,2790,13129,2370,15499,1.29,3,132.6,0.847,https://hvaclogic.org/calculators/btu-calculator
ENV-0023,CZ-2,"Hot-Humid (Orlando/Houston)",35,95,78,70,75,2500,21250,R-11_2x4_16OC_Legacy,0.106,Double_LowE_Argon_Vinyl,0.28,0.24,3.5,68.1,15581,2574,18155,10408,3994,1471,3420,19293,3931,23224,1.94,5,157.7,0.831,https://hvaclogic.org/calculators/btu-calculator
ENV-0024,CZ-2,"Hot-Humid (Orlando/Houston)",35,95,78,70,75,3600,32400,R-11_2x4_16OC_Legacy,0.106,Double_LowE_Argon_Vinyl,0.28,0.24,3.5,103.8,21333,3924,25257,14128,5616,2242,4050,26036,5773,31809,2.65,7.2,171.7,0.819,https://hvaclogic.org/calculators/btu-calculator
ENV-0025,CZ-2,"Hot-Humid (Orlando/Houston)",35,95,78,70,75,1500,12000,R-11_2x4_16OC_Legacy,0.106,Double_LowE_Argon_Vinyl,0.28,0.24,1.2,13.2,10200,499,10699,6886,2621,285,2790,12582,1207,13789,1.15,3,160.9,0.912,https://hvaclogic.org/calculators/btu-calculator
ENV-0026,CZ-2,"Hot-Humid (Orlando/Houston)",35,95,78,70,75,2500,21250,R-11_2x4_16OC_Legacy,0.106,Double_LowE_Argon_Vinyl,0.28,0.24,1.2,23.4,15581,885,16466,10408,3994,505,3420,18327,1876,20203,1.68,5,197.6,0.907,https://hvaclogic.org/calculators/btu-calculator
ENV-0027,CZ-2,"Hot-Humid (Orlando/Houston)",35,95,78,70,75,3600,32400,R-11_2x4_16OC_Legacy,0.106,Double_LowE_Argon_Vinyl,0.28,0.24,1.2,35.6,21333,1346,22679,14128,5616,769,4050,24563,2637,27200,2.27,7.2,217.2,0.903,https://hvaclogic.org/calculators/btu-calculator
ENV-0028,CZ-2,"Hot-Humid (Orlando/Houston)",35,95,78,70,75,1500,12000,R-19_2x6_16OC_Standard,0.063,Single_Clear_Aluminum,1.05,0.72,8.5,93.4,14069,3531,17600,8687,7862,2017,2790,21356,4895,26251,2.19,3,37,0.814,https://hvaclogic.org/calculators/btu-calculator
ENV-0029,CZ-2,"Hot-Humid (Orlando/Houston)",35,95,78,70,75,2500,21250,R-19_2x6_16OC_Standard,0.063,Single_Clear_Aluminum,1.05,0.72,8.5,165.4,21677,6252,27929,13314,11981,3573,3420,32288,8405,40693,3.39,5,47.5,0.793,https://hvaclogic.org/calculators/btu-calculator
ENV-0030,CZ-2,"Hot-Humid (Orlando/Houston)",35,95,78,70,75,3600,32400,R-19_2x6_16OC_Standard,0.063,Single_Clear_Aluminum,1.05,0.72,8.5,252.2,30224,9533,39757,18470,16848,5448,4050,44816,12596,57412,4.78,7.2,50.6,0.781,https://hvaclogic.org/calculators/btu-calculator
ENV-0031,CZ-2,"Hot-Humid (Orlando/Houston)",35,95,78,70,75,1500,12000,R-19_2x6_16OC_Standard,0.063,Single_Clear_Aluminum,1.05,0.72,3.5,38.5,14069,1455,15524,8687,7862,832,2790,20171,2370,22541,1.88,3,59.6,0.895,https://hvaclogic.org/calculators/btu-calculator
ENV-0032,CZ-2,"Hot-Humid (Orlando/Houston)",35,95,78,70,75,2500,21250,R-19_2x6_16OC_Standard,0.063,Single_Clear_Aluminum,1.05,0.72,3.5,68.1,21677,2574,24251,13314,11981,1471,3420,30186,3931,34117,2.84,5,76.1,0.885,https://hvaclogic.org/calculators/btu-calculator
ENV-0033,CZ-2,"Hot-Humid (Orlando/Houston)",35,95,78,70,75,3600,32400,R-19_2x6_16OC_Standard,0.063,Single_Clear_Aluminum,1.05,0.72,3.5,103.8,30224,3924,34148,18470,16848,2242,4050,41610,5773,47383,3.95,7.2,82.3,0.878,https://hvaclogic.org/calculators/btu-calculator
ENV-0034,CZ-2,"Hot-Humid (Orlando/Houston)",35,95,78,70,75,1500,12000,R-19_2x6_16OC_Standard,0.063,Single_Clear_Aluminum,1.05,0.72,1.2,13.2,14069,499,14568,8687,7862,285,2790,19624,1207,20831,1.74,3,72.4,0.942,https://hvaclogic.org/calculators/btu-calculator
ENV-0035,CZ-2,"Hot-Humid (Orlando/Houston)",35,95,78,70,75,2500,21250,R-19_2x6_16OC_Standard,0.063,Single_Clear_Aluminum,1.05,0.72,1.2,23.4,21677,885,22562,13314,11981,505,3420,29220,1876,31096,2.59,5,93.1,0.94,https://hvaclogic.org/calculators/btu-calculator
ENV-0036,CZ-2,"Hot-Humid (Orlando/Houston)",35,95,78,70,75,3600,32400,R-19_2x6_16OC_Standard,0.063,Single_Clear_Aluminum,1.05,0.72,1.2,35.6,30224,1346,31570,18470,16848,769,4050,40137,2637,42774,3.56,7.2,102.2,0.938,https://hvaclogic.org/calculators/btu-calculator
ENV-0037,CZ-2,"Hot-Humid (Orlando/Houston)",35,95,78,70,75,1500,12000,R-19_2x6_16OC_Standard,0.063,Double_Clear_Metal,0.48,0.58,8.5,93.4,9879,3531,13410,6293,6334,2017,2790,17434,4895,22329,1.86,3,61.3,0.781,https://hvaclogic.org/calculators/btu-calculator
ENV-0038,CZ-2,"Hot-Humid (Orlando/Houston)",35,95,78,70,75,2500,21250,R-19_2x6_16OC_Standard,0.063,Double_Clear_Metal,0.48,0.58,8.5,165.4,15293,6252,21545,9666,9651,3573,3420,26310,8405,34715,2.89,5,73,0.758,https://hvaclogic.org/calculators/btu-calculator
ENV-0039,CZ-2,"Hot-Humid (Orlando/Houston)",35,95,78,70,75,3600,32400,R-19_2x6_16OC_Standard,0.063,Double_Clear_Metal,0.48,0.58,8.5,252.2,21247,9533,30780,13340,13572,5448,4050,36410,12596,49006,4.08,7.2,76.5,0.743,https://hvaclogic.org/calculators/btu-calculator
ENV-0040,CZ-2,"Hot-Humid (Orlando/Houston)",35,95,78,70,75,1500,12000,R-19_2x6_16OC_Standard,0.063,Double_Clear_Metal,0.48,0.58,3.5,38.5,9879,1455,11334,6293,6334,832,2790,16249,2370,18619,1.55,3,93.5,0.873,https://hvaclogic.org/calculators/btu-calculator
ENV-0041,CZ-2,"Hot-Humid (Orlando/Houston)",35,95,78,70,75,2500,21250,R-19_2x6_16OC_Standard,0.063,Double_Clear_Metal,0.48,0.58,3.5,68.1,15293,2574,17867,9666,9651,1471,3420,24208,3931,28139,2.34,5,113.7,0.86,https://hvaclogic.org/calculators/btu-calculator
ENV-0042,CZ-2,"Hot-Humid (Orlando/Houston)",35,95,78,70,75,3600,32400,R-19_2x6_16OC_Standard,0.063,Double_Clear_Metal,0.48,0.58,3.5,103.8,21247,3924,25171,13340,13572,2242,4050,33204,5773,38977,3.25,7.2,121.5,0.852,https://hvaclogic.org/calculators/btu-calculator
ENV-0043,CZ-2,"Hot-Humid (Orlando/Houston)",35,95,78,70,75,1500,12000,R-19_2x6_16OC_Standard,0.063,Double_Clear_Metal,0.48,0.58,1.2,13.2,9879,499,10378,6293,6334,285,2790,15702,1207,16909,1.41,3,112.8,0.929,https://hvaclogic.org/calculators/btu-calculator
ENV-0044,CZ-2,"Hot-Humid (Orlando/Houston)",35,95,78,70,75,2500,21250,R-19_2x6_16OC_Standard,0.063,Double_Clear_Metal,0.48,0.58,1.2,23.4,15293,885,16178,9666,9651,505,3420,23242,1876,25118,2.09,5,139.2,0.925,https://hvaclogic.org/calculators/btu-calculator
ENV-0045,CZ-2,"Hot-Humid (Orlando/Houston)",35,95,78,70,75,3600,32400,R-19_2x6_16OC_Standard,0.063,Double_Clear_Metal,0.48,0.58,1.2,35.6,21247,1346,22593,13340,13572,769,4050,31731,2637,34368,2.86,7.2,151.7,0.923,https://hvaclogic.org/calculators/btu-calculator
ENV-0046,CZ-2,"Hot-Humid (Orlando/Houston)",35,95,78,70,75,1500,12000,R-19_2x6_16OC_Standard,0.063,Double_LowE_Argon_Vinyl,0.28,0.24,8.5,93.4,8409,3531,11940,5453,2621,2017,2790,12881,4895,17776,1.48,3,102.7,0.725,https://hvaclogic.org/calculators/btu-calculator
ENV-0047,CZ-2,"Hot-Humid (Orlando/Houston)",35,95,78,70,75,2500,21250,R-19_2x6_16OC_Standard,0.063,Double_LowE_Argon_Vinyl,0.28,0.24,8.5,165.4,13053,6252,19305,8386,3994,3573,3420,19373,8405,27778,2.31,5,116.5,0.697,https://hvaclogic.org/calculators/btu-calculator
ENV-0048,CZ-2,"Hot-Humid (Orlando/Houston)",35,95,78,70,75,3600,32400,R-19_2x6_16OC_Standard,0.063,Double_LowE_Argon_Vinyl,0.28,0.24,8.5,252.2,18097,9533,27630,11540,5616,5448,4050,26654,12596,39250,3.27,7.2,120.2,0.679,https://hvaclogic.org/calculators/btu-calculator
ENV-0049,CZ-2,"Hot-Humid (Orlando/Houston)",35,95,78,70,75,1500,12000,R-19_2x6_16OC_Standard,0.063,Double_LowE_Argon_Vinyl,0.28,0.24,3.5,38.5,8409,1455,9864,5453,2621,832,2790,11696,2370,14066,1.17,3,156.4,0.832,https://hvaclogic.org/calculators/btu-calculator
ENV-0050,CZ-2,"Hot-Humid (Orlando/Houston)",35,95,78,70,75,2500,21250,R-19_2x6_16OC_Standard,0.063,Double_LowE_Argon_Vinyl,0.28,0.24,3.5,68.1,13053,2574,15627,8386,3994,1471,3420,17271,3931,21202,1.77,5,182.5,0.815,https://hvaclogic.org/calculators/btu-calculator
ENV-0051,CZ-2,"Hot-Humid (Orlando/Houston)",35,95,78,70,75,3600,32400,R-19_2x6_16OC_Standard,0.063,Double_LowE_Argon_Vinyl,0.28,0.24,3.5,103.8,18097,3924,22021,11540,5616,2242,4050,23448,5773,29221,2.44,7.2,195.1,0.802,https://hvaclogic.org/calculators/btu-calculator
ENV-0052,CZ-2,"Hot-Humid (Orlando/Houston)",35,95,78,70,75,1500,12000,R-19_2x6_16OC_Standard,0.063,Double_LowE_Argon_Vinyl,0.28,0.24,1.2,13.2,8409,499,8908,5453,2621,285,2790,11149,1207,12356,1.03,3,191.3,0.902,https://hvaclogic.org/calculators/btu-calculator
ENV-0053,CZ-2,"Hot-Humid (Orlando/Houston)",35,95,78,70,75,2500,21250,R-19_2x6_16OC_Standard,0.063,Double_LowE_Argon_Vinyl,0.28,0.24,1.2,23.4,13053,885,13938,8386,3994,505,3420,16305,1876,18181,1.52,5,228.9,0.897,https://hvaclogic.org/calculators/btu-calculator
ENV-0054,CZ-2,"Hot-Humid (Orlando/Houston)",35,95,78,70,75,3600,32400,R-19_2x6_16OC_Standard,0.063,Double_LowE_Argon_Vinyl,0.28,0.24,1.2,35.6,18097,1346,19443,11540,5616,769,4050,21975,2637,24612,2.05,7.2,251.2,0.893,https://hvaclogic.org/calculators/btu-calculator
ENV-0055,CZ-2,"Hot-Humid (Orlando/Houston)",35,95,78,70,75,1500,12000,R-21_2x6_24OC_Advanced,0.052,Single_Clear_Aluminum,1.05,0.72,8.5,93.4,13611,3531,17142,8321,7862,2017,2790,20990,4895,25885,2.16,3,38.9,0.811,https://hvaclogic.org/calculators/btu-calculator
ENV-0056,CZ-2,"Hot-Humid (Orlando/Houston)",35,95,78,70,75,2500,21250,R-21_2x6_24OC_Advanced,0.052,Single_Clear_Aluminum,1.05,0.72,8.5,165.4,21030,6252,27282,12796,11981,3573,3420,31770,8405,40175,3.35,5,49.3,0.791,https://hvaclogic.org/calculators/btu-calculator
ENV-0057,CZ-2,"Hot-Humid (Orlando/Houston)",35,95,78,70,75,3600,32400,R-21_2x6_24OC_Advanced,0.052,Single_Clear_Aluminum,1.05,0.72,8.5,252.2,29397,9533,38930,17808,16848,5448,4050,44154,12596,56750,4.73,7.2,52.2,0.778,https://hvaclogic.org/calculators/btu-calculator
ENV-0058,CZ-2,"Hot-Humid (Orlando/Houston)",35,95,78,70,75,1500,12000,R-21_2x6_24OC_Advanced,0.052,Single_Clear_Aluminum,1.05,0.72,3.5,38.5,13611,1455,15066,8321,7862,832,2790,19805,2370,22175,1.85,3,62.2,0.893,https://hvaclogic.org/calculators/btu-calculator
ENV-0059,CZ-2,"Hot-Humid (Orlando/Houston)",35,95,78,70,75,2500,21250,R-21_2x6_24OC_Advanced,0.052,Single_Clear_Aluminum,1.05,0.72,3.5,68.1,21030,2574,23604,12796,11981,1471,3420,29668,3931,33599,2.8,5,78.6,0.883,https://hvaclogic.org/calculators/btu-calculator
ENV-0060,CZ-2,"Hot-Humid (Orlando/Houston)",35,95,78,70,75,3600,32400,R-21_2x6_24OC_Advanced,0.052,Single_Clear_Aluminum,1.05,0.72,3.5,103.8,29397,3924,33321,17808,16848,2242,4050,40948,5773,46721,3.89,7.2,85.1,0.876,https://hvaclogic.org/calculators/btu-calculator
ENV-0061,CZ-2,"Hot-Humid (Orlando/Houston)",35,95,78,70,75,1500,12000,R-21_2x6_24OC_Advanced,0.052,Single_Clear_Aluminum,1.05,0.72,1.2,13.2,13611,499,14110,8321,7862,285,2790,19258,1207,20465,1.71,3,75.4,0.941,https://hvaclogic.org/calculators/btu-calculator
ENV-0062,CZ-2,"Hot-Humid (Orlando/Houston)",35,95,78,70,75,2500,21250,R-21_2x6_24OC_Advanced,0.052,Single_Clear_Aluminum,1.05,0.72,1.2,23.4,21030,885,21915,12796,11981,505,3420,28702,1876,30578,2.55,5,96.1,0.939,https://hvaclogic.org/calculators/btu-calculator
ENV-0063,CZ-2,"Hot-Humid (Orlando/Houston)",35,95,78,70,75,3600,32400,R-21_2x6_24OC_Advanced,0.052,Single_Clear_Aluminum,1.05,0.72,1.2,35.6,29397,1346,30743,17808,16848,769,4050,39475,2637,42112,3.51,7.2,105.1,0.937,https://hvaclogic.org/calculators/btu-calculator
ENV-0064,CZ-2,"Hot-Humid (Orlando/Houston)",35,95,78,70,75,1500,12000,R-21_2x6_24OC_Advanced,0.052,Double_Clear_Metal,0.48,0.58,8.5,93.4,9421,3531,12952,5927,6334,2017,2790,17068,4895,21963,1.83,3,63.9,0.777,https://hvaclogic.org/calculators/btu-calculator
ENV-0065,CZ-2,"Hot-Humid (Orlando/Houston)",35,95,78,70,75,2500,21250,R-21_2x6_24OC_Advanced,0.052,Double_Clear_Metal,0.48,0.58,8.5,165.4,14646,6252,20898,9148,9651,3573,3420,25792,8405,34197,2.85,5,75.4,0.754,https://hvaclogic.org/calculators/btu-calculator
ENV-0066,CZ-2,"Hot-Humid (Orlando/Houston)",35,95,78,70,75,3600,32400,R-21_2x6_24OC_Advanced,0.052,Double_Clear_Metal,0.48,0.58,8.5,252.2,20419,9533,29952,12678,13572,5448,4050,35748,12596,48344,4.03,7.2,78.7,0.739,https://hvaclogic.org/calculators/btu-calculator
ENV-0067,CZ-2,"Hot-Humid (Orlando/Houston)",35,95,78,70,75,1500,12000,R-21_2x6_24OC_Advanced,0.052,Double_Clear_Metal,0.48,0.58,3.5,38.5,9421,1455,10876,5927,6334,832,2790,15883,2370,18253,1.52,3,97.4,0.87,https://hvaclogic.org/calculators/btu-calculator
ENV-0068,CZ-2,"Hot-Humid (Orlando/Houston)",35,95,78,70,75,2500,21250,R-21_2x6_24OC_Advanced,0.052,Double_Clear_Metal,0.48,0.58,3.5,68.1,14646,2574,17220,9148,9651,1471,3420,23690,3931,27621,2.3,5,117.4,0.858,https://hvaclogic.org/calculators/btu-calculator
ENV-0069,CZ-2,"Hot-Humid (Orlando/Houston)",35,95,78,70,75,3600,32400,R-21_2x6_24OC_Advanced,0.052,Double_Clear_Metal,0.48,0.58,3.5,103.8,20419,3924,24343,12678,13572,2242,4050,32542,5773,38315,3.19,7.2,125.7,0.849,https://hvaclogic.org/calculators/btu-calculator
ENV-0070,CZ-2,"Hot-Humid (Orlando/Houston)",35,95,78,70,75,1500,12000,R-21_2x6_24OC_Advanced,0.052,Double_Clear_Metal,0.48,0.58,1.2,13.2,9421,499,9920,5927,6334,285,2790,15336,1207,16543,1.38,3,117.4,0.927,https://hvaclogic.org/calculators/btu-calculator
ENV-0071,CZ-2,"Hot-Humid (Orlando/Houston)",35,95,78,70,75,2500,21250,R-21_2x6_24OC_Advanced,0.052,Double_Clear_Metal,0.48,0.58,1.2,23.4,14646,885,15531,9148,9651,505,3420,22724,1876,24600,2.05,5,143.9,0.924,https://hvaclogic.org/calculators/btu-calculator
ENV-0072,CZ-2,"Hot-Humid (Orlando/Houston)",35,95,78,70,75,3600,32400,R-21_2x6_24OC_Advanced,0.052,Double_Clear_Metal,0.48,0.58,1.2,35.6,20419,1346,21765,12678,13572,769,4050,31069,2637,33706,2.81,7.2,156.2,0.922,https://hvaclogic.org/calculators/btu-calculator
ENV-0073,CZ-2,"Hot-Humid (Orlando/Houston)",35,95,78,70,75,1500,12000,R-21_2x6_24OC_Advanced,0.052,Double_LowE_Argon_Vinyl,0.28,0.24,8.5,93.4,7951,3531,11482,5087,2621,2017,2790,12515,4895,17410,1.45,3,106.9,0.719,https://hvaclogic.org/calculators/btu-calculator
ENV-0074,CZ-2,"Hot-Humid (Orlando/Houston)",35,95,78,70,75,2500,21250,R-21_2x6_24OC_Advanced,0.052,Double_LowE_Argon_Vinyl,0.28,0.24,8.5,165.4,12406,6252,18658,7868,3994,3573,3420,18855,8405,27260,2.27,5,120.3,0.692,https://hvaclogic.org/calculators/btu-calculator
ENV-0075,CZ-2,"Hot-Humid (Orlando/Houston)",35,95,78,70,75,3600,32400,R-21_2x6_24OC_Advanced,0.052,Double_LowE_Argon_Vinyl,0.28,0.24,8.5,252.2,17269,9533,26802,10878,5616,5448,4050,25992,12596,38588,3.22,7.2,123.6,0.674,https://hvaclogic.org/calculators/btu-calculator
ENV-0076,CZ-2,"Hot-Humid (Orlando/Houston)",35,95,78,70,75,1500,12000,R-21_2x6_24OC_Advanced,0.052,Double_LowE_Argon_Vinyl,0.28,0.24,3.5,38.5,7951,1455,9406,5087,2621,832,2790,11330,2370,13700,1.14,3,163.2,0.827,https://hvaclogic.org/calculators/btu-calculator
ENV-0077,CZ-2,"Hot-Humid (Orlando/Houston)",35,95,78,70,75,2500,21250,R-21_2x6_24OC_Advanced,0.052,Double_LowE_Argon_Vinyl,0.28,0.24,3.5,68.1,12406,2574,14980,7868,3994,1471,3420,16753,3931,20684,1.72,5,190.7,0.81,https://hvaclogic.org/calculators/btu-calculator
ENV-0078,CZ-2,"Hot-Humid (Orlando/Houston)",35,95,78,70,75,3600,32400,R-21_2x6_24OC_Advanced,0.052,Double_LowE_Argon_Vinyl,0.28,0.24,3.5,103.8,17269,3924,21193,10878,5616,2242,4050,22786,5773,28559,2.38,7.2,202.5,0.798,https://hvaclogic.org/calculators/btu-calculator
ENV-0079,CZ-2,"Hot-Humid (Orlando/Houston)",35,95,78,70,75,1500,12000,R-21_2x6_24OC_Advanced,0.052,Double_LowE_Argon_Vinyl,0.28,0.24,1.2,13.2,7951,499,8450,5087,2621,285,2790,10783,1207,11990,1,3,200,0.899,https://hvaclogic.org/calculators/btu-calculator
ENV-0080,CZ-2,"Hot-Humid (Orlando/Houston)",35,95,78,70,75,2500,21250,R-21_2x6_24OC_Advanced,0.052,Double_LowE_Argon_Vinyl,0.28,0.24,1.2,23.4,12406,885,13291,7868,3994,505,3420,15787,1876,17663,1.47,5,240.1,0.894,https://hvaclogic.org/calculators/btu-calculator
ENV-0081,CZ-2,"Hot-Humid (Orlando/Houston)",35,95,78,70,75,3600,32400,R-21_2x6_24OC_Advanced,0.052,Double_LowE_Argon_Vinyl,0.28,0.24,1.2,35.6,17269,1346,18615,10878,5616,769,4050,21313,2637,23950,2,7.2,260,0.89,https://hvaclogic.org/calculators/btu-calculator
ENV-0082,CZ-2,"Hot-Humid (Orlando/Houston)",35,95,78,70,75,1500,12000,R-20+5ci_HighPerformance,0.04,Single_Clear_Aluminum,1.05,0.72,8.5,93.4,13111,3531,16642,7921,7862,2017,2790,20590,4895,25485,2.12,3,41.5,0.808,https://hvaclogic.org/calculators/btu-calculator
ENV-0083,CZ-2,"Hot-Humid (Orlando/Houston)",35,95,78,70,75,2500,21250,R-20+5ci_HighPerformance,0.04,Single_Clear_Aluminum,1.05,0.72,8.5,165.4,20325,6252,26577,12232,11981,3573,3420,31206,8405,39611,3.3,5,51.5,0.788,https://hvaclogic.org/calculators/btu-calculator
ENV-0084,CZ-2,"Hot-Humid (Orlando/Houston)",35,95,78,70,75,3600,32400,R-20+5ci_HighPerformance,0.04,Single_Clear_Aluminum,1.05,0.72,8.5,252.2,28494,9533,38027,17085,16848,5448,4050,43431,12596,56027,4.67,7.2,54.2,0.775,https://hvaclogic.org/calculators/btu-calculator
ENV-0085,CZ-2,"Hot-Humid (Orlando/Houston)",35,95,78,70,75,1500,12000,R-20+5ci_HighPerformance,0.04,Single_Clear_Aluminum,1.05,0.72,3.5,38.5,13111,1455,14566,7921,7862,832,2790,19405,2370,21775,1.81,3,65.7,0.891,https://hvaclogic.org/calculators/btu-calculator
ENV-0086,CZ-2,"Hot-Humid (Orlando/Houston)",35,95,78,70,75,2500,21250,R-20+5ci_HighPerformance,0.04,Single_Clear_Aluminum,1.05,0.72,3.5,68.1,20325,2574,22899,12232,11981,1471,3420,29104,3931,33035,2.75,5,81.8,0.881,https://hvaclogic.org/calculators/btu-calculator
ENV-0087,CZ-2,"Hot-Humid (Orlando/Houston)",35,95,78,70,75,3600,32400,R-20+5ci_HighPerformance,0.04,Single_Clear_Aluminum,1.05,0.72,3.5,103.8,28494,3924,32418,17085,16848,2242,4050,40225,5773,45998,3.83,7.2,88,0.874,https://hvaclogic.org/calculators/btu-calculator
ENV-0088,CZ-2,"Hot-Humid (Orlando/Houston)",35,95,78,70,75,1500,12000,R-20+5ci_HighPerformance,0.04,Single_Clear_Aluminum,1.05,0.72,1.2,13.2,13111,499,13610,7921,7862,285,2790,18858,1207,20065,1.67,3,79.6,0.94,https://hvaclogic.org/calculators/btu-calculator
ENV-0089,CZ-2,"Hot-Humid (Orlando/Houston)",35,95,78,70,75,2500,21250,R-20+5ci_HighPerformance,0.04,Single_Clear_Aluminum,1.05,0.72,1.2,23.4,20325,885,21210,12232,11981,505,3420,28138,1876,30014,2.5,5,100,0.937,https://hvaclogic.org/calculators/btu-calculator
ENV-0090,CZ-2,"Hot-Humid (Orlando/Houston)",35,95,78,70,75,3600,32400,R-20+5ci_HighPerformance,0.04,Single_Clear_Aluminum,1.05,0.72,1.2,35.6,28494,1346,29840,17085,16848,769,4050,38752,2637,41389,3.45,7.2,108.7,0.936,https://hvaclogic.org/calculators/btu-calculator
ENV-0091,CZ-2,"Hot-Humid (Orlando/Houston)",35,95,78,70,75,1500,12000,R-20+5ci_HighPerformance,0.04,Double_Clear_Metal,0.48,0.58,8.5,93.4,8922,3531,12453,5527,6334,2017,2790,16668,4895,21563,1.8,3,66.7,0.773,https://hvaclogic.org/calculators/btu-calculator
ENV-0092,CZ-2,"Hot-Humid (Orlando/Houston)",35,95,78,70,75,2500,21250,R-20+5ci_HighPerformance,0.04,Double_Clear_Metal,0.48,0.58,8.5,165.4,13941,6252,20193,8584,9651,3573,3420,25228,8405,33633,2.8,5,78.6,0.75,https://hvaclogic.org/calculators/btu-calculator
ENV-0093,CZ-2,"Hot-Humid (Orlando/Houston)",35,95,78,70,75,3600,32400,R-20+5ci_HighPerformance,0.04,Double_Clear_Metal,0.48,0.58,8.5,252.2,19516,9533,29049,11955,13572,5448,4050,35025,12596,47621,3.97,7.2,81.4,0.735,https://hvaclogic.org/calculators/btu-calculator
ENV-0094,CZ-2,"Hot-Humid (Orlando/Houston)",35,95,78,70,75,1500,12000,R-20+5ci_HighPerformance,0.04,Double_Clear_Metal,0.48,0.58,3.5,38.5,8922,1455,10377,5527,6334,832,2790,15483,2370,17853,1.49,3,101.3,0.867,https://hvaclogic.org/calculators/btu-calculator
ENV-0095,CZ-2,"Hot-Humid (Orlando/Houston)",35,95,78,70,75,2500,21250,R-20+5ci_HighPerformance,0.04,Double_Clear_Metal,0.48,0.58,3.5,68.1,13941,2574,16515,8584,9651,1471,3420,23126,3931,27057,2.25,5,122.2,0.855,https://hvaclogic.org/calculators/btu-calculator
ENV-0096,CZ-2,"Hot-Humid (Orlando/Houston)",35,95,78,70,75,3600,32400,R-20+5ci_HighPerformance,0.04,Double_Clear_Metal,0.48,0.58,3.5,103.8,19516,3924,23440,11955,13572,2242,4050,31819,5773,37592,3.13,7.2,130,0.846,https://hvaclogic.org/calculators/btu-calculator
ENV-0097,CZ-2,"Hot-Humid (Orlando/Houston)",35,95,78,70,75,1500,12000,R-20+5ci_HighPerformance,0.04,Double_Clear_Metal,0.48,0.58,1.2,13.2,8922,499,9421,5527,6334,285,2790,14936,1207,16143,1.35,3,122.2,0.925,https://hvaclogic.org/calculators/btu-calculator
ENV-0098,CZ-2,"Hot-Humid (Orlando/Houston)",35,95,78,70,75,2500,21250,R-20+5ci_HighPerformance,0.04,Double_Clear_Metal,0.48,0.58,1.2,23.4,13941,885,14826,8584,9651,505,3420,22160,1876,24036,2,5,150,0.922,https://hvaclogic.org/calculators/btu-calculator
ENV-0099,CZ-2,"Hot-Humid (Orlando/Houston)",35,95,78,70,75,3600,32400,R-20+5ci_HighPerformance,0.04,Double_Clear_Metal,0.48,0.58,1.2,35.6,19516,1346,20862,11955,13572,769,4050,30346,2637,32983,2.75,7.2,161.8,0.92,https://hvaclogic.org/calculators/btu-calculator
ENV-0100,CZ-2,"Hot-Humid (Orlando/Houston)",35,95,78,70,75,1500,12000,R-20+5ci_HighPerformance,0.04,Double_LowE_Argon_Vinyl,0.28,0.24,8.5,93.4,7452,3531,10983,4687,2621,2017,2790,12115,4895,17010,1.42,3,111.3,0.712,https://hvaclogic.org/calculators/btu-calculator
ENV-0101,CZ-2,"Hot-Humid (Orlando/Houston)",35,95,78,70,75,2500,21250,R-20+5ci_HighPerformance,0.04,Double_LowE_Argon_Vinyl,0.28,0.24,8.5,165.4,11701,6252,17953,7304,3994,3573,3420,18291,8405,26696,2.22,5,125.2,0.685,https://hvaclogic.org/calculators/btu-calculator
ENV-0102,CZ-2,"Hot-Humid (Orlando/Houston)",35,95,78,70,75,3600,32400,R-20+5ci_HighPerformance,0.04,Double_LowE_Argon_Vinyl,0.28,0.24,8.5,252.2,16366,9533,25899,10155,5616,5448,4050,25269,12596,37865,3.16,7.2,127.8,0.667,https://hvaclogic.org/calculators/btu-calculator
ENV-0103,CZ-2,"Hot-Humid (Orlando/Houston)",35,95,78,70,75,1500,12000,R-20+5ci_HighPerformance,0.04,Double_LowE_Argon_Vinyl,0.28,0.24,3.5,38.5,7452,1455,8907,4687,2621,832,2790,10930,2370,13300,1.11,3,170.3,0.822,https://hvaclogic.org/calculators/btu-calculator
ENV-0104,CZ-2,"Hot-Humid (Orlando/Houston)",35,95,78,70,75,2500,21250,R-20+5ci_HighPerformance,0.04,Double_LowE_Argon_Vinyl,0.28,0.24,3.5,68.1,11701,2574,14275,7304,3994,1471,3420,16189,3931,20120,1.68,5,197.6,0.805,https://hvaclogic.org/calculators/btu-calculator
ENV-0105,CZ-2,"Hot-Humid (Orlando/Houston)",35,95,78,70,75,3600,32400,R-20+5ci_HighPerformance,0.04,Double_LowE_Argon_Vinyl,0.28,0.24,3.5,103.8,16366,3924,20290,10155,5616,2242,4050,22063,5773,27836,2.32,7.2,210.3,0.793,https://hvaclogic.org/calculators/btu-calculator
ENV-0106,CZ-2,"Hot-Humid (Orlando/Houston)",35,95,78,70,75,1500,12000,R-20+5ci_HighPerformance,0.04,Double_LowE_Argon_Vinyl,0.28,0.24,1.2,13.2,7452,499,7951,4687,2621,285,2790,10383,1207,11590,0.97,3,209.3,0.896,https://hvaclogic.org/calculators/btu-calculator
ENV-0107,CZ-2,"Hot-Humid (Orlando/Houston)",35,95,78,70,75,2500,21250,R-20+5ci_HighPerformance,0.04,Double_LowE_Argon_Vinyl,0.28,0.24,1.2,23.4,11701,885,12586,7304,3994,505,3420,15223,1876,17099,1.42,5,252.1,0.89,https://hvaclogic.org/calculators/btu-calculator
ENV-0108,CZ-2,"Hot-Humid (Orlando/Houston)",35,95,78,70,75,3600,32400,R-20+5ci_HighPerformance,0.04,Double_LowE_Argon_Vinyl,0.28,0.24,1.2,35.6,16366,1346,17712,10155,5616,769,4050,20590,2637,23227,1.94,7.2,271.1,0.886,https://hvaclogic.org/calculators/btu-calculator
ENV-0109,CZ-3,"Warm (Atlanta/Dallas)",25,93,75,70,75,1500,12000,R-11_2x4_16OC_Legacy,0.106,Single_Clear_Aluminum,1.05,0.72,8.5,93.4,19919,4539,24458,8887,7862,1816,2790,21355,3538,24893,2.07,3,44.9,0.858,https://hvaclogic.org/calculators/btu-calculator
ENV-0110,CZ-3,"Warm (Atlanta/Dallas)",25,93,75,70,75,2500,21250,R-11_2x4_16OC_Legacy,0.106,Single_Clear_Aluminum,1.05,0.72,8.5,165.4,30334,8038,38372,13408,11981,3215,3420,32024,6003,38027,3.17,5,57.7,0.842,https://hvaclogic.org/calculators/btu-calculator
ENV-0111,CZ-3,"Warm (Atlanta/Dallas)",25,93,75,70,75,3600,32400,R-11_2x4_16OC_Legacy,0.106,Single_Clear_Aluminum,1.05,0.72,8.5,252.2,41886,12257,54143,18362,16848,4903,4050,44163,8934,53097,4.42,7.2,62.9,0.832,https://hvaclogic.org/calculators/btu-calculator
ENV-0112,CZ-3,"Warm (Atlanta/Dallas)",25,93,75,70,75,1500,12000,R-11_2x4_16OC_Legacy,0.106,Single_Clear_Aluminum,1.05,0.72,3.5,38.5,19919,1871,21790,8887,7862,748,2790,20287,1811,22098,1.84,3,63,0.918,https://hvaclogic.org/calculators/btu-calculator
ENV-0113,CZ-3,"Warm (Atlanta/Dallas)",25,93,75,70,75,2500,21250,R-11_2x4_16OC_Legacy,0.106,Single_Clear_Aluminum,1.05,0.72,3.5,68.1,30334,3310,33644,13408,11981,1324,3420,30133,2942,33075,2.76,5,81.2,0.911,https://hvaclogic.org/calculators/btu-calculator
ENV-0114,CZ-3,"Warm (Atlanta/Dallas)",25,93,75,70,75,3600,32400,R-11_2x4_16OC_Legacy,0.106,Single_Clear_Aluminum,1.05,0.72,3.5,103.8,41886,5045,46931,18362,16848,2018,4050,41278,4266,45544,3.8,7.2,89.5,0.906,https://hvaclogic.org/calculators/btu-calculator
ENV-0115,CZ-3,"Warm (Atlanta/Dallas)",25,93,75,70,75,1500,12000,R-11_2x4_16OC_Legacy,0.106,Single_Clear_Aluminum,1.05,0.72,1.2,13.2,19919,642,20561,8887,7862,257,2790,19796,1015,20811,1.73,3,73.4,0.951,https://hvaclogic.org/calculators/btu-calculator
ENV-0116,CZ-3,"Warm (Atlanta/Dallas)",25,93,75,70,75,2500,21250,R-11_2x4_16OC_Legacy,0.106,Single_Clear_Aluminum,1.05,0.72,1.2,23.4,30334,1137,31471,13408,11981,455,3420,29264,1536,30800,2.57,5,94.6,0.95,https://hvaclogic.org/calculators/btu-calculator
ENV-0117,CZ-3,"Warm (Atlanta/Dallas)",25,93,75,70,75,3600,32400,R-11_2x4_16OC_Legacy,0.106,Single_Clear_Aluminum,1.05,0.72,1.2,35.6,41886,1730,43616,18362,16848,692,4050,39952,2120,42072,3.51,7.2,105.1,0.95,https://hvaclogic.org/calculators/btu-calculator
ENV-0118,CZ-3,"Warm (Atlanta/Dallas)",25,93,75,70,75,1500,12000,R-11_2x4_16OC_Legacy,0.106,Double_Clear_Metal,0.48,0.58,8.5,93.4,14532,4539,19071,6732,6334,1816,2790,17672,3538,21210,1.77,3,69.5,0.833,https://hvaclogic.org/calculators/btu-calculator
ENV-0119,CZ-3,"Warm (Atlanta/Dallas)",25,93,75,70,75,2500,21250,R-11_2x4_16OC_Legacy,0.106,Double_Clear_Metal,0.48,0.58,8.5,165.4,22126,8038,30164,10125,9651,3215,3420,26411,6003,32414,2.7,5,85.2,0.815,https://hvaclogic.org/calculators/btu-calculator
ENV-0120,CZ-3,"Warm (Atlanta/Dallas)",25,93,75,70,75,3600,32400,R-11_2x4_16OC_Legacy,0.106,Double_Clear_Metal,0.48,0.58,8.5,252.2,30344,12257,42601,13745,13572,4903,4050,36270,8934,45204,3.77,7.2,91,0.802,https://hvaclogic.org/calculators/btu-calculator
ENV-0121,CZ-3,"Warm (Atlanta/Dallas)",25,93,75,70,75,1500,12000,R-11_2x4_16OC_Legacy,0.106,Double_Clear_Metal,0.48,0.58,3.5,38.5,14532,1871,16403,6732,6334,748,2790,16604,1811,18415,1.53,3,96.1,0.902,https://hvaclogic.org/calculators/btu-calculator
ENV-0122,CZ-3,"Warm (Atlanta/Dallas)",25,93,75,70,75,2500,21250,R-11_2x4_16OC_Legacy,0.106,Double_Clear_Metal,0.48,0.58,3.5,68.1,22126,3310,25436,10125,9651,1324,3420,24520,2942,27462,2.29,5,118.3,0.893,https://hvaclogic.org/calculators/btu-calculator
ENV-0123,CZ-3,"Warm (Atlanta/Dallas)",25,93,75,70,75,3600,32400,R-11_2x4_16OC_Legacy,0.106,Double_Clear_Metal,0.48,0.58,3.5,103.8,30344,5045,35389,13745,13572,2018,4050,33385,4266,37651,3.14,7.2,129.3,0.887,https://hvaclogic.org/calculators/btu-calculator
ENV-0124,CZ-3,"Warm (Atlanta/Dallas)",25,93,75,70,75,1500,12000,R-11_2x4_16OC_Legacy,0.106,Double_Clear_Metal,0.48,0.58,1.2,13.2,14532,642,15174,6732,6334,257,2790,16113,1015,17128,1.43,3,109.8,0.941,https://hvaclogic.org/calculators/btu-calculator
ENV-0125,CZ-3,"Warm (Atlanta/Dallas)",25,93,75,70,75,2500,21250,R-11_2x4_16OC_Legacy,0.106,Double_Clear_Metal,0.48,0.58,1.2,23.4,22126,1137,23263,10125,9651,455,3420,23651,1536,25187,2.1,5,138.1,0.939,https://hvaclogic.org/calculators/btu-calculator
ENV-0126,CZ-3,"Warm (Atlanta/Dallas)",25,93,75,70,75,3600,32400,R-11_2x4_16OC_Legacy,0.106,Double_Clear_Metal,0.48,0.58,1.2,35.6,30344,1730,32074,13745,13572,692,4050,32059,2120,34179,2.85,7.2,152.6,0.938,https://hvaclogic.org/calculators/btu-calculator
ENV-0127,CZ-3,"Warm (Atlanta/Dallas)",25,93,75,70,75,1500,12000,R-11_2x4_16OC_Legacy,0.106,Double_LowE_Argon_Vinyl,0.28,0.24,8.5,93.4,12642,4539,17181,5976,2621,1816,2790,13203,3538,16741,1.4,3,114.3,0.789,https://hvaclogic.org/calculators/btu-calculator
ENV-0128,CZ-3,"Warm (Atlanta/Dallas)",25,93,75,70,75,2500,21250,R-11_2x4_16OC_Legacy,0.106,Double_LowE_Argon_Vinyl,0.28,0.24,8.5,165.4,19246,8038,27284,8973,3994,3215,3420,19602,6003,25605,2.13,5,134.7,0.766,https://hvaclogic.org/calculators/btu-calculator
ENV-0129,CZ-3,"Warm (Atlanta/Dallas)",25,93,75,70,75,3600,32400,R-11_2x4_16OC_Legacy,0.106,Double_LowE_Argon_Vinyl,0.28,0.24,8.5,252.2,26294,12257,38551,12125,5616,4903,4050,26694,8934,35628,2.97,7.2,142.4,0.749,https://hvaclogic.org/calculators/btu-calculator
ENV-0130,CZ-3,"Warm (Atlanta/Dallas)",25,93,75,70,75,1500,12000,R-11_2x4_16OC_Legacy,0.106,Double_LowE_Argon_Vinyl,0.28,0.24,3.5,38.5,12642,1871,14513,5976,2621,748,2790,12135,1811,13946,1.16,3,158.6,0.87,https://hvaclogic.org/calculators/btu-calculator
ENV-0131,CZ-3,"Warm (Atlanta/Dallas)",25,93,75,70,75,2500,21250,R-11_2x4_16OC_Legacy,0.106,Double_LowE_Argon_Vinyl,0.28,0.24,3.5,68.1,19246,3310,22556,8973,3994,1324,3420,17711,2942,20653,1.72,5,190.7,0.858,https://hvaclogic.org/calculators/btu-calculator
ENV-0132,CZ-3,"Warm (Atlanta/Dallas)",25,93,75,70,75,3600,32400,R-11_2x4_16OC_Legacy,0.106,Double_LowE_Argon_Vinyl,0.28,0.24,3.5,103.8,26294,5045,31339,12125,5616,2018,4050,23809,4266,28075,2.34,7.2,207.7,0.848,https://hvaclogic.org/calculators/btu-calculator
ENV-0133,CZ-3,"Warm (Atlanta/Dallas)",25,93,75,70,75,1500,12000,R-11_2x4_16OC_Legacy,0.106,Double_LowE_Argon_Vinyl,0.28,0.24,1.2,13.2,12642,642,13284,5976,2621,257,2790,11644,1015,12659,1.05,3,185.7,0.92,https://hvaclogic.org/calculators/btu-calculator
ENV-0134,CZ-3,"Warm (Atlanta/Dallas)",25,93,75,70,75,2500,21250,R-11_2x4_16OC_Legacy,0.106,Double_LowE_Argon_Vinyl,0.28,0.24,1.2,23.4,19246,1137,20383,8973,3994,455,3420,16842,1536,18378,1.53,5,226.8,0.916,https://hvaclogic.org/calculators/btu-calculator
ENV-0135,CZ-3,"Warm (Atlanta/Dallas)",25,93,75,70,75,3600,32400,R-11_2x4_16OC_Legacy,0.106,Double_LowE_Argon_Vinyl,0.28,0.24,1.2,35.6,26294,1730,28024,12125,5616,692,4050,22483,2120,24603,2.05,7.2,251.2,0.914,https://hvaclogic.org/calculators/btu-calculator
ENV-0136,CZ-3,"Warm (Atlanta/Dallas)",25,93,75,70,75,1500,12000,R-19_2x6_16OC_Standard,0.063,Single_Clear_Aluminum,1.05,0.72,8.5,93.4,17616,4539,22155,7556,7862,1816,2790,20024,3538,23562,1.96,3,53.1,0.85,https://hvaclogic.org/calculators/btu-calculator
ENV-0137,CZ-3,"Warm (Atlanta/Dallas)",25,93,75,70,75,2500,21250,R-19_2x6_16OC_Standard,0.063,Single_Clear_Aluminum,1.05,0.72,8.5,165.4,27083,8038,35121,11530,11981,3215,3420,30146,6003,36149,3.01,5,66.1,0.834,https://hvaclogic.org/calculators/btu-calculator
ENV-0138,CZ-3,"Warm (Atlanta/Dallas)",25,93,75,70,75,3600,32400,R-19_2x6_16OC_Standard,0.063,Single_Clear_Aluminum,1.05,0.72,8.5,252.2,37726,12257,49983,15958,16848,4903,4050,41759,8934,50693,4.22,7.2,70.6,0.824,https://hvaclogic.org/calculators/btu-calculator
ENV-0139,CZ-3,"Warm (Atlanta/Dallas)",25,93,75,70,75,1500,12000,R-19_2x6_16OC_Standard,0.063,Single_Clear_Aluminum,1.05,0.72,3.5,38.5,17616,1871,19487,7556,7862,748,2790,18956,1811,20767,1.73,3,73.4,0.913,https://hvaclogic.org/calculators/btu-calculator
ENV-0140,CZ-3,"Warm (Atlanta/Dallas)",25,93,75,70,75,2500,21250,R-19_2x6_16OC_Standard,0.063,Single_Clear_Aluminum,1.05,0.72,3.5,68.1,27083,3310,30393,11530,11981,1324,3420,28255,2942,31197,2.6,5,92.3,0.906,https://hvaclogic.org/calculators/btu-calculator
ENV-0141,CZ-3,"Warm (Atlanta/Dallas)",25,93,75,70,75,3600,32400,R-19_2x6_16OC_Standard,0.063,Single_Clear_Aluminum,1.05,0.72,3.5,103.8,37726,5045,42771,15958,16848,2018,4050,38874,4266,43140,3.6,7.2,100,0.901,https://hvaclogic.org/calculators/btu-calculator
ENV-0142,CZ-3,"Warm (Atlanta/Dallas)",25,93,75,70,75,1500,12000,R-19_2x6_16OC_Standard,0.063,Single_Clear_Aluminum,1.05,0.72,1.2,13.2,17616,642,18258,7556,7862,257,2790,18465,1015,19480,1.62,3,85.2,0.948,https://hvaclogic.org/calculators/btu-calculator
ENV-0143,CZ-3,"Warm (Atlanta/Dallas)",25,93,75,70,75,2500,21250,R-19_2x6_16OC_Standard,0.063,Single_Clear_Aluminum,1.05,0.72,1.2,23.4,27083,1137,28220,11530,11981,455,3420,27386,1536,28922,2.41,5,107.5,0.947,https://hvaclogic.org/calculators/btu-calculator
ENV-0144,CZ-3,"Warm (Atlanta/Dallas)",25,93,75,70,75,3600,32400,R-19_2x6_16OC_Standard,0.063,Single_Clear_Aluminum,1.05,0.72,1.2,35.6,37726,1730,39456,15958,16848,692,4050,37548,2120,39668,3.31,7.2,117.5,0.947,https://hvaclogic.org/calculators/btu-calculator
ENV-0145,CZ-3,"Warm (Atlanta/Dallas)",25,93,75,70,75,1500,12000,R-19_2x6_16OC_Standard,0.063,Double_Clear_Metal,0.48,0.58,8.5,93.4,12230,4539,16769,5402,6334,1816,2790,16342,3538,19880,1.66,3,80.7,0.822,https://hvaclogic.org/calculators/btu-calculator
ENV-0146,CZ-3,"Warm (Atlanta/Dallas)",25,93,75,70,75,2500,21250,R-19_2x6_16OC_Standard,0.063,Double_Clear_Metal,0.48,0.58,8.5,165.4,18875,8038,26913,8247,9651,3215,3420,24533,6003,30536,2.54,5,96.9,0.803,https://hvaclogic.org/calculators/btu-calculator
ENV-0147,CZ-3,"Warm (Atlanta/Dallas)",25,93,75,70,75,3600,32400,R-19_2x6_16OC_Standard,0.063,Double_Clear_Metal,0.48,0.58,8.5,252.2,26183,12257,38440,11341,13572,4903,4050,33866,8934,42800,3.57,7.2,101.7,0.791,https://hvaclogic.org/calculators/btu-calculator
ENV-0148,CZ-3,"Warm (Atlanta/Dallas)",25,93,75,70,75,1500,12000,R-19_2x6_16OC_Standard,0.063,Double_Clear_Metal,0.48,0.58,3.5,38.5,12230,1871,14101,5402,6334,748,2790,15274,1811,17085,1.42,3,111.3,0.894,https://hvaclogic.org/calculators/btu-calculator
ENV-0149,CZ-3,"Warm (Atlanta/Dallas)",25,93,75,70,75,2500,21250,R-19_2x6_16OC_Standard,0.063,Double_Clear_Metal,0.48,0.58,3.5,68.1,18875,3310,22185,8247,9651,1324,3420,22642,2942,25584,2.13,5,134.7,0.885,https://hvaclogic.org/calculators/btu-calculator
ENV-0150,CZ-3,"Warm (Atlanta/Dallas)",25,93,75,70,75,3600,32400,R-19_2x6_16OC_Standard,0.063,Double_Clear_Metal,0.48,0.58,3.5,103.8,26183,5045,31228,11341,13572,2018,4050,30981,4266,35247,2.94,7.2,144.9,0.879,https://hvaclogic.org/calculators/btu-calculator
ENV-0151,CZ-3,"Warm (Atlanta/Dallas)",25,93,75,70,75,1500,12000,R-19_2x6_16OC_Standard,0.063,Double_Clear_Metal,0.48,0.58,1.2,13.2,12230,642,12872,5402,6334,257,2790,14783,1015,15798,1.32,3,127.3,0.936,https://hvaclogic.org/calculators/btu-calculator
ENV-0152,CZ-3,"Warm (Atlanta/Dallas)",25,93,75,70,75,2500,21250,R-19_2x6_16OC_Standard,0.063,Double_Clear_Metal,0.48,0.58,1.2,23.4,18875,1137,20012,8247,9651,455,3420,21773,1536,23309,1.94,5,157.7,0.934,https://hvaclogic.org/calculators/btu-calculator
ENV-0153,CZ-3,"Warm (Atlanta/Dallas)",25,93,75,70,75,3600,32400,R-19_2x6_16OC_Standard,0.063,Double_Clear_Metal,0.48,0.58,1.2,35.6,26183,1730,27913,11341,13572,692,4050,29655,2120,31775,2.65,7.2,171.7,0.933,https://hvaclogic.org/calculators/btu-calculator
ENV-0154,CZ-3,"Warm (Atlanta/Dallas)",25,93,75,70,75,1500,12000,R-19_2x6_16OC_Standard,0.063,Double_LowE_Argon_Vinyl,0.28,0.24,8.5,93.4,10340,4539,14879,4646,2621,1816,2790,11873,3538,15411,1.28,3,134.4,0.77,https://hvaclogic.org/calculators/btu-calculator
ENV-0155,CZ-3,"Warm (Atlanta/Dallas)",25,93,75,70,75,2500,21250,R-19_2x6_16OC_Standard,0.063,Double_LowE_Argon_Vinyl,0.28,0.24,8.5,165.4,15995,8038,24033,7095,3994,3215,3420,17724,6003,23727,1.98,5,152.5,0.747,https://hvaclogic.org/calculators/btu-calculator
ENV-0156,CZ-3,"Warm (Atlanta/Dallas)",25,93,75,70,75,3600,32400,R-19_2x6_16OC_Standard,0.063,Double_LowE_Argon_Vinyl,0.28,0.24,8.5,252.2,22133,12257,34390,9721,5616,4903,4050,24290,8934,33224,2.77,7.2,159.9,0.731,https://hvaclogic.org/calculators/btu-calculator
ENV-0157,CZ-3,"Warm (Atlanta/Dallas)",25,93,75,70,75,1500,12000,R-19_2x6_16OC_Standard,0.063,Double_LowE_Argon_Vinyl,0.28,0.24,3.5,38.5,10340,1871,12211,4646,2621,748,2790,10805,1811,12616,1.05,3,185.7,0.856,https://hvaclogic.org/calculators/btu-calculator
ENV-0158,CZ-3,"Warm (Atlanta/Dallas)",25,93,75,70,75,2500,21250,R-19_2x6_16OC_Standard,0.063,Double_LowE_Argon_Vinyl,0.28,0.24,3.5,68.1,15995,3310,19305,7095,3994,1324,3420,15833,2942,18775,1.56,5,220.5,0.843,https://hvaclogic.org/calculators/btu-calculator
ENV-0159,CZ-3,"Warm (Atlanta/Dallas)",25,93,75,70,75,3600,32400,R-19_2x6_16OC_Standard,0.063,Double_LowE_Argon_Vinyl,0.28,0.24,3.5,103.8,22133,5045,27178,9721,5616,2018,4050,21405,4266,25671,2.14,7.2,236.4,0.834,https://hvaclogic.org/calculators/btu-calculator
ENV-0160,CZ-3,"Warm (Atlanta/Dallas)",25,93,75,70,75,1500,12000,R-19_2x6_16OC_Standard,0.063,Double_LowE_Argon_Vinyl,0.28,0.24,1.2,13.2,10340,642,10982,4646,2621,257,2790,10314,1015,11329,0.94,3,219.1,0.91,https://hvaclogic.org/calculators/btu-calculator
ENV-0161,CZ-3,"Warm (Atlanta/Dallas)",25,93,75,70,75,2500,21250,R-19_2x6_16OC_Standard,0.063,Double_LowE_Argon_Vinyl,0.28,0.24,1.2,23.4,15995,1137,17132,7095,3994,455,3420,14964,1536,16500,1.38,5,262.3,0.907,https://hvaclogic.org/calculators/btu-calculator
ENV-0162,CZ-3,"Warm (Atlanta/Dallas)",25,93,75,70,75,3600,32400,R-19_2x6_16OC_Standard,0.063,Double_LowE_Argon_Vinyl,0.28,0.24,1.2,35.6,22133,1730,23863,9721,5616,692,4050,20079,2120,22199,1.85,7.2,289.2,0.905,https://hvaclogic.org/calculators/btu-calculator
ENV-0163,CZ-3,"Warm (Atlanta/Dallas)",25,93,75,70,75,1500,12000,R-21_2x6_24OC_Advanced,0.052,Single_Clear_Aluminum,1.05,0.72,8.5,93.4,17027,4539,21566,7216,7862,1816,2790,19684,3538,23222,1.94,3,54.6,0.848,https://hvaclogic.org/calculators/btu-calculator
ENV-0164,CZ-3,"Warm (Atlanta/Dallas)",25,93,75,70,75,2500,21250,R-21_2x6_24OC_Advanced,0.052,Single_Clear_Aluminum,1.05,0.72,8.5,165.4,26251,8038,34289,11049,11981,3215,3420,29665,6003,35668,2.97,5,68.4,0.832,https://hvaclogic.org/calculators/btu-calculator
ENV-0165,CZ-3,"Warm (Atlanta/Dallas)",25,93,75,70,75,3600,32400,R-21_2x6_24OC_Advanced,0.052,Single_Clear_Aluminum,1.05,0.72,8.5,252.2,36662,12257,48919,15343,16848,4903,4050,41144,8934,50078,4.17,7.2,72.7,0.822,https://hvaclogic.org/calculators/btu-calculator
ENV-0166,CZ-3,"Warm (Atlanta/Dallas)",25,93,75,70,75,1500,12000,R-21_2x6_24OC_Advanced,0.052,Single_Clear_Aluminum,1.05,0.72,3.5,38.5,17027,1871,18898,7216,7862,748,2790,18616,1811,20427,1.7,3,76.5,0.911,https://hvaclogic.org/calculators/btu-calculator
ENV-0167,CZ-3,"Warm (Atlanta/Dallas)",25,93,75,70,75,2500,21250,R-21_2x6_24OC_Advanced,0.052,Single_Clear_Aluminum,1.05,0.72,3.5,68.1,26251,3310,29561,11049,11981,1324,3420,27774,2942,30716,2.56,5,95.3,0.904,https://hvaclogic.org/calculators/btu-calculator
ENV-0168,CZ-3,"Warm (Atlanta/Dallas)",25,93,75,70,75,3600,32400,R-21_2x6_24OC_Advanced,0.052,Single_Clear_Aluminum,1.05,0.72,3.5,103.8,36662,5045,41707,15343,16848,2018,4050,38259,4266,42525,3.54,7.2,103.4,0.9,https://hvaclogic.org/calculators/btu-calculator
ENV-0169,CZ-3,"Warm (Atlanta/Dallas)",25,93,75,70,75,1500,12000,R-21_2x6_24OC_Advanced,0.052,Single_Clear_Aluminum,1.05,0.72,1.2,13.2,17027,642,17669,7216,7862,257,2790,18125,1015,19140,1.59,3,88.7,0.947,https://hvaclogic.org/calculators/btu-calculator
ENV-0170,CZ-3,"Warm (Atlanta/Dallas)",25,93,75,70,75,2500,21250,R-21_2x6_24OC_Advanced,0.052,Single_Clear_Aluminum,1.05,0.72,1.2,23.4,26251,1137,27388,11049,11981,455,3420,26905,1536,28441,2.37,5,111,0.946,https://hvaclogic.org/calculators/btu-calculator
ENV-0171,CZ-3,"Warm (Atlanta/Dallas)",25,93,75,70,75,3600,32400,R-21_2x6_24OC_Advanced,0.052,Single_Clear_Aluminum,1.05,0.72,1.2,35.6,36662,1730,38392,15343,16848,692,4050,36933,2120,39053,3.25,7.2,121.5,0.946,https://hvaclogic.org/calculators/btu-calculator
ENV-0172,CZ-3,"Warm (Atlanta/Dallas)",25,93,75,70,75,1500,12000,R-21_2x6_24OC_Advanced,0.052,Double_Clear_Metal,0.48,0.58,8.5,93.4,11641,4539,16180,5061,6334,1816,2790,16001,3538,19539,1.63,3,84,0.819,https://hvaclogic.org/calculators/btu-calculator
ENV-0173,CZ-3,"Warm (Atlanta/Dallas)",25,93,75,70,75,2500,21250,R-21_2x6_24OC_Advanced,0.052,Double_Clear_Metal,0.48,0.58,8.5,165.4,18043,8038,26081,7766,9651,3215,3420,24052,6003,30055,2.5,5,100,0.8,https://hvaclogic.org/calculators/btu-calculator
ENV-0174,CZ-3,"Warm (Atlanta/Dallas)",25,93,75,70,75,3600,32400,R-21_2x6_24OC_Advanced,0.052,Double_Clear_Metal,0.48,0.58,8.5,252.2,25119,12257,37376,10726,13572,4903,4050,33251,8934,42185,3.52,7.2,104.5,0.788,https://hvaclogic.org/calculators/btu-calculator
ENV-0175,CZ-3,"Warm (Atlanta/Dallas)",25,93,75,70,75,1500,12000,R-21_2x6_24OC_Advanced,0.052,Double_Clear_Metal,0.48,0.58,3.5,38.5,11641,1871,13512,5061,6334,748,2790,14933,1811,16744,1.4,3,114.3,0.892,https://hvaclogic.org/calculators/btu-calculator
ENV-0176,CZ-3,"Warm (Atlanta/Dallas)",25,93,75,70,75,2500,21250,R-21_2x6_24OC_Advanced,0.052,Double_Clear_Metal,0.48,0.58,3.5,68.1,18043,3310,21353,7766,9651,1324,3420,22161,2942,25103,2.09,5,139.2,0.883,https://hvaclogic.org/calculators/btu-calculator
ENV-0177,CZ-3,"Warm (Atlanta/Dallas)",25,93,75,70,75,3600,32400,R-21_2x6_24OC_Advanced,0.052,Double_Clear_Metal,0.48,0.58,3.5,103.8,25119,5045,30164,10726,13572,2018,4050,30366,4266,34632,2.89,7.2,149.1,0.877,https://hvaclogic.org/calculators/btu-calculator
ENV-0178,CZ-3,"Warm (Atlanta/Dallas)",25,93,75,70,75,1500,12000,R-21_2x6_24OC_Advanced,0.052,Double_Clear_Metal,0.48,0.58,1.2,13.2,11641,642,12283,5061,6334,257,2790,14442,1015,15457,1.29,3,132.6,0.934,https://hvaclogic.org/calculators/btu-calculator
ENV-0179,CZ-3,"Warm (Atlanta/Dallas)",25,93,75,70,75,2500,21250,R-21_2x6_24OC_Advanced,0.052,Double_Clear_Metal,0.48,0.58,1.2,23.4,18043,1137,19180,7766,9651,455,3420,21292,1536,22828,1.9,5,163.2,0.933,https://hvaclogic.org/calculators/btu-calculator
ENV-0180,CZ-3,"Warm (Atlanta/Dallas)",25,93,75,70,75,3600,32400,R-21_2x6_24OC_Advanced,0.052,Double_Clear_Metal,0.48,0.58,1.2,35.6,25119,1730,26849,10726,13572,692,4050,29040,2120,31160,2.6,7.2,176.9,0.932,https://hvaclogic.org/calculators/btu-calculator
ENV-0181,CZ-3,"Warm (Atlanta/Dallas)",25,93,75,70,75,1500,12000,R-21_2x6_24OC_Advanced,0.052,Double_LowE_Argon_Vinyl,0.28,0.24,8.5,93.4,9751,4539,14290,4305,2621,1816,2790,11532,3538,15070,1.26,3,138.1,0.765,https://hvaclogic.org/calculators/btu-calculator
ENV-0182,CZ-3,"Warm (Atlanta/Dallas)",25,93,75,70,75,2500,21250,R-21_2x6_24OC_Advanced,0.052,Double_LowE_Argon_Vinyl,0.28,0.24,8.5,165.4,15163,8038,23201,6614,3994,3215,3420,17243,6003,23246,1.94,5,157.7,0.742,https://hvaclogic.org/calculators/btu-calculator
ENV-0183,CZ-3,"Warm (Atlanta/Dallas)",25,93,75,70,75,3600,32400,R-21_2x6_24OC_Advanced,0.052,Double_LowE_Argon_Vinyl,0.28,0.24,8.5,252.2,21069,12257,33326,9106,5616,4903,4050,23675,8934,32609,2.72,7.2,164.7,0.726,https://hvaclogic.org/calculators/btu-calculator
ENV-0184,CZ-3,"Warm (Atlanta/Dallas)",25,93,75,70,75,1500,12000,R-21_2x6_24OC_Advanced,0.052,Double_LowE_Argon_Vinyl,0.28,0.24,3.5,38.5,9751,1871,11622,4305,2621,748,2790,10464,1811,12275,1.02,3,194.1,0.852,https://hvaclogic.org/calculators/btu-calculator
ENV-0185,CZ-3,"Warm (Atlanta/Dallas)",25,93,75,70,75,2500,21250,R-21_2x6_24OC_Advanced,0.052,Double_LowE_Argon_Vinyl,0.28,0.24,3.5,68.1,15163,3310,18473,6614,3994,1324,3420,15352,2942,18294,1.52,5,228.9,0.839,https://hvaclogic.org/calculators/btu-calculator
ENV-0186,CZ-3,"Warm (Atlanta/Dallas)",25,93,75,70,75,3600,32400,R-21_2x6_24OC_Advanced,0.052,Double_LowE_Argon_Vinyl,0.28,0.24,3.5,103.8,21069,5045,26114,9106,5616,2018,4050,20790,4266,25056,2.09,7.2,244.5,0.83,https://hvaclogic.org/calculators/btu-calculator
ENV-0187,CZ-3,"Warm (Atlanta/Dallas)",25,93,75,70,75,1500,12000,R-21_2x6_24OC_Advanced,0.052,Double_LowE_Argon_Vinyl,0.28,0.24,1.2,13.2,9751,642,10393,4305,2621,257,2790,9973,1015,10988,0.92,3,226.1,0.908,https://hvaclogic.org/calculators/btu-calculator
ENV-0188,CZ-3,"Warm (Atlanta/Dallas)",25,93,75,70,75,2500,21250,R-21_2x6_24OC_Advanced,0.052,Double_LowE_Argon_Vinyl,0.28,0.24,1.2,23.4,15163,1137,16300,6614,3994,455,3420,14483,1536,16019,1.33,5,275.9,0.904,https://hvaclogic.org/calculators/btu-calculator
ENV-0189,CZ-3,"Warm (Atlanta/Dallas)",25,93,75,70,75,3600,32400,R-21_2x6_24OC_Advanced,0.052,Double_LowE_Argon_Vinyl,0.28,0.24,1.2,35.6,21069,1730,22799,9106,5616,692,4050,19464,2120,21584,1.8,7.2,300,0.902,https://hvaclogic.org/calculators/btu-calculator
ENV-0190,CZ-3,"Warm (Atlanta/Dallas)",25,93,75,70,75,1500,12000,R-20+5ci_HighPerformance,0.04,Single_Clear_Aluminum,1.05,0.72,8.5,93.4,16385,4539,20924,6845,7862,1816,2790,19313,3538,22851,1.9,3,57.9,0.845,https://hvaclogic.org/calculators/btu-calculator
ENV-0191,CZ-3,"Warm (Atlanta/Dallas)",25,93,75,70,75,2500,21250,R-20+5ci_HighPerformance,0.04,Single_Clear_Aluminum,1.05,0.72,8.5,165.4,25344,8038,33382,10525,11981,3215,3420,29141,6003,35144,2.93,5,70.6,0.829,https://hvaclogic.org/calculators/btu-calculator
ENV-0192,CZ-3,"Warm (Atlanta/Dallas)",25,93,75,70,75,3600,32400,R-20+5ci_HighPerformance,0.04,Single_Clear_Aluminum,1.05,0.72,8.5,252.2,35501,12257,47758,14672,16848,4903,4050,40473,8934,49407,4.12,7.2,74.8,0.819,https://hvaclogic.org/calculators/btu-calculator
ENV-0193,CZ-3,"Warm (Atlanta/Dallas)",25,93,75,70,75,1500,12000,R-20+5ci_HighPerformance,0.04,Single_Clear_Aluminum,1.05,0.72,3.5,38.5,16385,1871,18256,6845,7862,748,2790,18245,1811,20056,1.67,3,79.6,0.91,https://hvaclogic.org/calculators/btu-calculator
ENV-0194,CZ-3,"Warm (Atlanta/Dallas)",25,93,75,70,75,2500,21250,R-20+5ci_HighPerformance,0.04,Single_Clear_Aluminum,1.05,0.72,3.5,68.1,25344,3310,28654,10525,11981,1324,3420,27250,2942,30192,2.52,5,98.4,0.903,https://hvaclogic.org/calculators/btu-calculator
ENV-0195,CZ-3,"Warm (Atlanta/Dallas)",25,93,75,70,75,3600,32400,R-20+5ci_HighPerformance,0.04,Single_Clear_Aluminum,1.05,0.72,3.5,103.8,35501,5045,40546,14672,16848,2018,4050,37588,4266,41854,3.49,7.2,106.3,0.898,https://hvaclogic.org/calculators/btu-calculator
ENV-0196,CZ-3,"Warm (Atlanta/Dallas)",25,93,75,70,75,1500,12000,R-20+5ci_HighPerformance,0.04,Single_Clear_Aluminum,1.05,0.72,1.2,13.2,16385,642,17027,6845,7862,257,2790,17754,1015,18769,1.56,3,92.3,0.946,https://hvaclogic.org/calculators/btu-calculator
ENV-0197,CZ-3,"Warm (Atlanta/Dallas)",25,93,75,70,75,2500,21250,R-20+5ci_HighPerformance,0.04,Single_Clear_Aluminum,1.05,0.72,1.2,23.4,25344,1137,26481,10525,11981,455,3420,26381,1536,27917,2.33,5,114.6,0.945,https://hvaclogic.org/calculators/btu-calculator
ENV-0198,CZ-3,"Warm (Atlanta/Dallas)",25,93,75,70,75,3600,32400,R-20+5ci_HighPerformance,0.04,Single_Clear_Aluminum,1.05,0.72,1.2,35.6,35501,1730,37231,14672,16848,692,4050,36262,2120,38382,3.2,7.2,125,0.945,https://hvaclogic.org/calculators/btu-calculator
ENV-0199,CZ-3,"Warm (Atlanta/Dallas)",25,93,75,70,75,1500,12000,R-20+5ci_HighPerformance,0.04,Double_Clear_Metal,0.48,0.58,8.5,93.4,10998,4539,15537,4690,6334,1816,2790,15630,3538,19168,1.6,3,87.5,0.815,https://hvaclogic.org/calculators/btu-calculator
ENV-0200,CZ-3,"Warm (Atlanta/Dallas)",25,93,75,70,75,2500,21250,R-20+5ci_HighPerformance,0.04,Double_Clear_Metal,0.48,0.58,8.5,165.4,17136,8038,25174,7242,9651,3215,3420,23528,6003,29531,2.46,5,103.3,0.797,https://hvaclogic.org/calculators/btu-calculator
ENV-0201,CZ-3,"Warm (Atlanta/Dallas)",25,93,75,70,75,3600,32400,R-20+5ci_HighPerformance,0.04,Double_Clear_Metal,0.48,0.58,8.5,252.2,23958,12257,36215,10055,13572,4903,4050,32580,8934,41514,3.46,7.2,108.1,0.785,https://hvaclogic.org/calculators/btu-calculator
ENV-0202,CZ-3,"Warm (Atlanta/Dallas)",25,93,75,70,75,1500,12000,R-20+5ci_HighPerformance,0.04,Double_Clear_Metal,0.48,0.58,3.5,38.5,10998,1871,12869,4690,6334,748,2790,14562,1811,16373,1.36,3,120.6,0.889,https://hvaclogic.org/calculators/btu-calculator
ENV-0203,CZ-3,"Warm (Atlanta/Dallas)",25,93,75,70,75,2500,21250,R-20+5ci_HighPerformance,0.04,Double_Clear_Metal,0.48,0.58,3.5,68.1,17136,3310,20446,7242,9651,1324,3420,21637,2942,24579,2.05,5,143.9,0.88,https://hvaclogic.org/calculators/btu-calculator
ENV-0204,CZ-3,"Warm (Atlanta/Dallas)",25,93,75,70,75,3600,32400,R-20+5ci_HighPerformance,0.04,Double_Clear_Metal,0.48,0.58,3.5,103.8,23958,5045,29003,10055,13572,2018,4050,29695,4266,33961,2.83,7.2,154.4,0.874,https://hvaclogic.org/calculators/btu-calculator
ENV-0205,CZ-3,"Warm (Atlanta/Dallas)",25,93,75,70,75,1500,12000,R-20+5ci_HighPerformance,0.04,Double_Clear_Metal,0.48,0.58,1.2,13.2,10998,642,11640,4690,6334,257,2790,14071,1015,15086,1.26,3,138.1,0.933,https://hvaclogic.org/calculators/btu-calculator
ENV-0206,CZ-3,"Warm (Atlanta/Dallas)",25,93,75,70,75,2500,21250,R-20+5ci_HighPerformance,0.04,Double_Clear_Metal,0.48,0.58,1.2,23.4,17136,1137,18273,7242,9651,455,3420,20768,1536,22304,1.86,5,168.8,0.931,https://hvaclogic.org/calculators/btu-calculator
ENV-0207,CZ-3,"Warm (Atlanta/Dallas)",25,93,75,70,75,3600,32400,R-20+5ci_HighPerformance,0.04,Double_Clear_Metal,0.48,0.58,1.2,35.6,23958,1730,25688,10055,13572,692,4050,28369,2120,30489,2.54,7.2,183.5,0.93,https://hvaclogic.org/calculators/btu-calculator
ENV-0208,CZ-3,"Warm (Atlanta/Dallas)",25,93,75,70,75,1500,12000,R-20+5ci_HighPerformance,0.04,Double_LowE_Argon_Vinyl,0.28,0.24,8.5,93.4,9108,4539,13647,3934,2621,1816,2790,11161,3538,14699,1.22,3,145.9,0.759,https://hvaclogic.org/calculators/btu-calculator
ENV-0209,CZ-3,"Warm (Atlanta/Dallas)",25,93,75,70,75,2500,21250,R-20+5ci_HighPerformance,0.04,Double_LowE_Argon_Vinyl,0.28,0.24,8.5,165.4,14256,8038,22294,6090,3994,3215,3420,16719,6003,22722,1.89,5,164.6,0.736,https://hvaclogic.org/calculators/btu-calculator
ENV-0210,CZ-3,"Warm (Atlanta/Dallas)",25,93,75,70,75,3600,32400,R-20+5ci_HighPerformance,0.04,Double_LowE_Argon_Vinyl,0.28,0.24,8.5,252.2,19908,12257,32165,8435,5616,4903,4050,23004,8934,31938,2.66,7.2,170.7,0.72,https://hvaclogic.org/calculators/btu-calculator
ENV-0211,CZ-3,"Warm (Atlanta/Dallas)",25,93,75,70,75,1500,12000,R-20+5ci_HighPerformance,0.04,Double_LowE_Argon_Vinyl,0.28,0.24,3.5,38.5,9108,1871,10979,3934,2621,748,2790,10093,1811,11904,0.99,3,203,0.848,https://hvaclogic.org/calculators/btu-calculator
ENV-0212,CZ-3,"Warm (Atlanta/Dallas)",25,93,75,70,75,2500,21250,R-20+5ci_HighPerformance,0.04,Double_LowE_Argon_Vinyl,0.28,0.24,3.5,68.1,14256,3310,17566,6090,3994,1324,3420,14828,2942,17770,1.48,5,237.8,0.834,https://hvaclogic.org/calculators/btu-calculator
ENV-0213,CZ-3,"Warm (Atlanta/Dallas)",25,93,75,70,75,3600,32400,R-20+5ci_HighPerformance,0.04,Double_LowE_Argon_Vinyl,0.28,0.24,3.5,103.8,19908,5045,24953,8435,5616,2018,4050,20119,4266,24385,2.03,7.2,254.7,0.825,https://hvaclogic.org/calculators/btu-calculator
ENV-0214,CZ-3,"Warm (Atlanta/Dallas)",25,93,75,70,75,1500,12000,R-20+5ci_HighPerformance,0.04,Double_LowE_Argon_Vinyl,0.28,0.24,1.2,13.2,9108,642,9750,3934,2621,257,2790,9602,1015,10617,0.88,3,240.9,0.904,https://hvaclogic.org/calculators/btu-calculator
ENV-0215,CZ-3,"Warm (Atlanta/Dallas)",25,93,75,70,75,2500,21250,R-20+5ci_HighPerformance,0.04,Double_LowE_Argon_Vinyl,0.28,0.24,1.2,23.4,14256,1137,15393,6090,3994,455,3420,13959,1536,15495,1.29,5,287.6,0.901,https://hvaclogic.org/calculators/btu-calculator
ENV-0216,CZ-3,"Warm (Atlanta/Dallas)",25,93,75,70,75,3600,32400,R-20+5ci_HighPerformance,0.04,Double_LowE_Argon_Vinyl,0.28,0.24,1.2,35.6,19908,1730,21638,8435,5616,692,4050,18793,2120,20913,1.74,7.2,313.8,0.899,https://hvaclogic.org/calculators/btu-calculator
ENV-0217,CZ-4,"Mixed (DC/St. Louis)",15,90,74,70,75,1500,12000,R-11_2x4_16OC_Legacy,0.106,Single_Clear_Aluminum,1.05,0.72,8.5,93.4,24345,5548,29893,7730,7862,1513,2790,19895,2860,22755,1.9,3,57.9,0.874,https://hvaclogic.org/calculators/btu-calculator
ENV-0218,CZ-4,"Mixed (DC/St. Louis)",15,90,74,70,75,2500,21250,R-11_2x4_16OC_Legacy,0.106,Single_Clear_Aluminum,1.05,0.72,8.5,165.4,37074,9825,46899,11671,11981,2679,3420,29751,4803,34554,2.88,5,73.6,0.861,https://hvaclogic.org/calculators/btu-calculator
ENV-0219,CZ-4,"Mixed (DC/St. Louis)",15,90,74,70,75,3600,32400,R-11_2x4_16OC_Legacy,0.106,Single_Clear_Aluminum,1.05,0.72,8.5,252.2,51194,14981,66175,15980,16848,4086,4050,40964,7103,48067,4.01,7.2,79.6,0.852,https://hvaclogic.org/calculators/btu-calculator
ENV-0220,CZ-4,"Mixed (DC/St. Louis)",15,90,74,70,75,1500,12000,R-11_2x4_16OC_Legacy,0.106,Single_Clear_Aluminum,1.05,0.72,3.5,38.5,24345,2287,26632,7730,7862,624,2790,19006,1532,20538,1.71,3,75.4,0.925,https://hvaclogic.org/calculators/btu-calculator
ENV-0221,CZ-4,"Mixed (DC/St. Louis)",15,90,74,70,75,2500,21250,R-11_2x4_16OC_Legacy,0.106,Single_Clear_Aluminum,1.05,0.72,3.5,68.1,37074,4045,41119,11671,11981,1103,3420,28175,2448,30623,2.55,5,96.1,0.92,https://hvaclogic.org/calculators/btu-calculator
ENV-0222,CZ-4,"Mixed (DC/St. Louis)",15,90,74,70,75,3600,32400,R-11_2x4_16OC_Legacy,0.106,Single_Clear_Aluminum,1.05,0.72,3.5,103.8,51194,6166,57360,15980,16848,1682,4050,38560,3512,42072,3.51,7.2,105.1,0.917,https://hvaclogic.org/calculators/btu-calculator
ENV-0223,CZ-4,"Mixed (DC/St. Louis)",15,90,74,70,75,1500,12000,R-11_2x4_16OC_Legacy,0.106,Single_Clear_Aluminum,1.05,0.72,1.2,13.2,24345,784,25129,7730,7862,214,2790,18596,919,19515,1.63,3,84,0.953,https://hvaclogic.org/calculators/btu-calculator
ENV-0224,CZ-4,"Mixed (DC/St. Louis)",15,90,74,70,75,2500,21250,R-11_2x4_16OC_Legacy,0.106,Single_Clear_Aluminum,1.05,0.72,1.2,23.4,37074,1390,38464,11671,11981,379,3420,27451,1366,28817,2.4,5,108.3,0.953,https://hvaclogic.org/calculators/btu-calculator
ENV-0225,CZ-4,"Mixed (DC/St. Louis)",15,90,74,70,75,3600,32400,R-11_2x4_16OC_Legacy,0.106,Single_Clear_Aluminum,1.05,0.72,1.2,35.6,51194,2115,53309,15980,16848,577,4050,37455,1862,39317,3.28,7.2,119.5,0.953,https://hvaclogic.org/calculators/btu-calculator
ENV-0226,CZ-4,"Mixed (DC/St. Louis)",15,90,74,70,75,1500,12000,R-11_2x4_16OC_Legacy,0.106,Double_Clear_Metal,0.48,0.58,8.5,93.4,17762,5548,23310,5934,6334,1513,2790,16571,2860,19431,1.62,3,85.2,0.853,https://hvaclogic.org/calculators/btu-calculator
ENV-0227,CZ-4,"Mixed (DC/St. Louis)",15,90,74,70,75,2500,21250,R-11_2x4_16OC_Legacy,0.106,Double_Clear_Metal,0.48,0.58,8.5,165.4,27042,9825,36867,8935,9651,2679,3420,24685,4803,29488,2.46,5,103.3,0.837,https://hvaclogic.org/calculators/btu-calculator
ENV-0228,CZ-4,"Mixed (DC/St. Louis)",15,90,74,70,75,3600,32400,R-11_2x4_16OC_Legacy,0.106,Double_Clear_Metal,0.48,0.58,8.5,252.2,37087,14981,52068,12132,13572,4086,4050,33840,7103,40943,3.41,7.2,111.1,0.827,https://hvaclogic.org/calculators/btu-calculator
ENV-0229,CZ-4,"Mixed (DC/St. Louis)",15,90,74,70,75,1500,12000,R-11_2x4_16OC_Legacy,0.106,Double_Clear_Metal,0.48,0.58,3.5,38.5,17762,2287,20049,5934,6334,624,2790,15682,1532,17214,1.43,3,109.8,0.911,https://hvaclogic.org/calculators/btu-calculator
ENV-0230,CZ-4,"Mixed (DC/St. Louis)",15,90,74,70,75,2500,21250,R-11_2x4_16OC_Legacy,0.106,Double_Clear_Metal,0.48,0.58,3.5,68.1,27042,4045,31087,8935,9651,1103,3420,23109,2448,25557,2.13,5,134.7,0.904,https://hvaclogic.org/calculators/btu-calculator
ENV-0231,CZ-4,"Mixed (DC/St. Louis)",15,90,74,70,75,3600,32400,R-11_2x4_16OC_Legacy,0.106,Double_Clear_Metal,0.48,0.58,3.5,103.8,37087,6166,43253,12132,13572,1682,4050,31436,3512,34948,2.91,7.2,147.4,0.9,https://hvaclogic.org/calculators/btu-calculator
ENV-0232,CZ-4,"Mixed (DC/St. Louis)",15,90,74,70,75,1500,12000,R-11_2x4_16OC_Legacy,0.106,Double_Clear_Metal,0.48,0.58,1.2,13.2,17762,784,18546,5934,6334,214,2790,15272,919,16191,1.35,3,122.2,0.943,https://hvaclogic.org/calculators/btu-calculator
ENV-0233,CZ-4,"Mixed (DC/St. Louis)",15,90,74,70,75,2500,21250,R-11_2x4_16OC_Legacy,0.106,Double_Clear_Metal,0.48,0.58,1.2,23.4,27042,1390,28432,8935,9651,379,3420,22385,1366,23751,1.98,5,152.5,0.942,https://hvaclogic.org/calculators/btu-calculator
ENV-0234,CZ-4,"Mixed (DC/St. Louis)",15,90,74,70,75,3600,32400,R-11_2x4_16OC_Legacy,0.106,Double_Clear_Metal,0.48,0.58,1.2,35.6,37087,2115,39202,12132,13572,577,4050,30331,1862,32193,2.68,7.2,168.7,0.942,https://hvaclogic.org/calculators/btu-calculator
ENV-0235,CZ-4,"Mixed (DC/St. Louis)",15,90,74,70,75,1500,12000,R-11_2x4_16OC_Legacy,0.106,Double_LowE_Argon_Vinyl,0.28,0.24,8.5,93.4,15452,5548,21000,5304,2621,1513,2790,12228,2860,15088,1.26,3,138.1,0.81,https://hvaclogic.org/calculators/btu-calculator
ENV-0236,CZ-4,"Mixed (DC/St. Louis)",15,90,74,70,75,2500,21250,R-11_2x4_16OC_Legacy,0.106,Double_LowE_Argon_Vinyl,0.28,0.24,8.5,165.4,23522,9825,33347,7975,3994,2679,3420,18068,4803,22871,1.91,5,161.8,0.79,https://hvaclogic.org/calculators/btu-calculator
ENV-0237,CZ-4,"Mixed (DC/St. Louis)",15,90,74,70,75,3600,32400,R-11_2x4_16OC_Legacy,0.106,Double_LowE_Argon_Vinyl,0.28,0.24,8.5,252.2,32137,14981,47118,10782,5616,4086,4050,24534,7103,31637,2.64,7.2,172.7,0.775,https://hvaclogic.org/calculators/btu-calculator
ENV-0238,CZ-4,"Mixed (DC/St. Louis)",15,90,74,70,75,1500,12000,R-11_2x4_16OC_Legacy,0.106,Double_LowE_Argon_Vinyl,0.28,0.24,3.5,38.5,15452,2287,17739,5304,2621,624,2790,11339,1532,12871,1.07,3,180.4,0.881,https://hvaclogic.org/calculators/btu-calculator
ENV-0239,CZ-4,"Mixed (DC/St. Louis)",15,90,74,70,75,2500,21250,R-11_2x4_16OC_Legacy,0.106,Double_LowE_Argon_Vinyl,0.28,0.24,3.5,68.1,23522,4045,27567,7975,3994,1103,3420,16492,2448,18940,1.58,5,216.5,0.871,https://hvaclogic.org/calculators/btu-calculator
ENV-0240,CZ-4,"Mixed (DC/St. Louis)",15,90,74,70,75,3600,32400,R-11_2x4_16OC_Legacy,0.106,Double_LowE_Argon_Vinyl,0.28,0.24,3.5,103.8,32137,6166,38303,10782,5616,1682,4050,22130,3512,25642,2.14,7.2,236.4,0.863,https://hvaclogic.org/calculators/btu-calculator
ENV-0241,CZ-4,"Mixed (DC/St. Louis)",15,90,74,70,75,1500,12000,R-11_2x4_16OC_Legacy,0.106,Double_LowE_Argon_Vinyl,0.28,0.24,1.2,13.2,15452,784,16236,5304,2621,214,2790,10929,919,11848,0.99,3,203,0.922,https://hvaclogic.org/calculators/btu-calculator
ENV-0242,CZ-4,"Mixed (DC/St. Louis)",15,90,74,70,75,2500,21250,R-11_2x4_16OC_Legacy,0.106,Double_LowE_Argon_Vinyl,0.28,0.24,1.2,23.4,23522,1390,24912,7975,3994,379,3420,15768,1366,17134,1.43,5,249.7,0.92,https://hvaclogic.org/calculators/btu-calculator
ENV-0243,CZ-4,"Mixed (DC/St. Louis)",15,90,74,70,75,3600,32400,R-11_2x4_16OC_Legacy,0.106,Double_LowE_Argon_Vinyl,0.28,0.24,1.2,35.6,32137,2115,34252,10782,5616,577,4050,21025,1862,22887,1.91,7.2,277,0.919,https://hvaclogic.org/calculators/btu-calculator
ENV-0244,CZ-4,"Mixed (DC/St. Louis)",15,90,74,70,75,1500,12000,R-19_2x6_16OC_Standard,0.063,Single_Clear_Aluminum,1.05,0.72,8.5,93.4,21531,5548,27079,6553,7862,1513,2790,18718,2860,21578,1.8,3,66.7,0.867,https://hvaclogic.org/calculators/btu-calculator
ENV-0245,CZ-4,"Mixed (DC/St. Louis)",15,90,74,70,75,2500,21250,R-19_2x6_16OC_Standard,0.063,Single_Clear_Aluminum,1.05,0.72,8.5,165.4,33101,9825,42926,10009,11981,2679,3420,28089,4803,32892,2.74,5,82.5,0.854,https://hvaclogic.org/calculators/btu-calculator
ENV-0246,CZ-4,"Mixed (DC/St. Louis)",15,90,74,70,75,3600,32400,R-19_2x6_16OC_Standard,0.063,Single_Clear_Aluminum,1.05,0.72,8.5,252.2,46109,14981,61090,13853,16848,4086,4050,38837,7103,45940,3.83,7.2,88,0.845,https://hvaclogic.org/calculators/btu-calculator
ENV-0247,CZ-4,"Mixed (DC/St. Louis)",15,90,74,70,75,1500,12000,R-19_2x6_16OC_Standard,0.063,Single_Clear_Aluminum,1.05,0.72,3.5,38.5,21531,2287,23818,6553,7862,624,2790,17829,1532,19361,1.61,3,86.3,0.921,https://hvaclogic.org/calculators/btu-calculator
ENV-0248,CZ-4,"Mixed (DC/St. Louis)",15,90,74,70,75,2500,21250,R-19_2x6_16OC_Standard,0.063,Single_Clear_Aluminum,1.05,0.72,3.5,68.1,33101,4045,37146,10009,11981,1103,3420,26513,2448,28961,2.41,5,107.5,0.915,https://hvaclogic.org/calculators/btu-calculator
ENV-0249,CZ-4,"Mixed (DC/St. Louis)",15,90,74,70,75,3600,32400,R-19_2x6_16OC_Standard,0.063,Single_Clear_Aluminum,1.05,0.72,3.5,103.8,46109,6166,52275,13853,16848,1682,4050,36433,3512,39945,3.33,7.2,116.2,0.912,https://hvaclogic.org/calculators/btu-calculator
ENV-0250,CZ-4,"Mixed (DC/St. Louis)",15,90,74,70,75,1500,12000,R-19_2x6_16OC_Standard,0.063,Single_Clear_Aluminum,1.05,0.72,1.2,13.2,21531,784,22315,6553,7862,214,2790,17419,919,18338,1.53,3,96.1,0.95,https://hvaclogic.org/calculators/btu-calculator
ENV-0251,CZ-4,"Mixed (DC/St. Louis)",15,90,74,70,75,2500,21250,R-19_2x6_16OC_Standard,0.063,Single_Clear_Aluminum,1.05,0.72,1.2,23.4,33101,1390,34491,10009,11981,379,3420,25789,1366,27155,2.26,5,121.2,0.95,https://hvaclogic.org/calculators/btu-calculator
ENV-0252,CZ-4,"Mixed (DC/St. Louis)",15,90,74,70,75,3600,32400,R-19_2x6_16OC_Standard,0.063,Single_Clear_Aluminum,1.05,0.72,1.2,35.6,46109,2115,48224,13853,16848,577,4050,35328,1862,37190,3.1,7.2,132.3,0.95,https://hvaclogic.org/calculators/btu-calculator
ENV-0253,CZ-4,"Mixed (DC/St. Louis)",15,90,74,70,75,1500,12000,R-19_2x6_16OC_Standard,0.063,Double_Clear_Metal,0.48,0.58,8.5,93.4,14947,5548,20495,4757,6334,1513,2790,15394,2860,18254,1.52,3,97.4,0.843,https://hvaclogic.org/calculators/btu-calculator
ENV-0254,CZ-4,"Mixed (DC/St. Louis)",15,90,74,70,75,2500,21250,R-19_2x6_16OC_Standard,0.063,Double_Clear_Metal,0.48,0.58,8.5,165.4,23069,9825,32894,7273,9651,2679,3420,23023,4803,27826,2.32,5,115.5,0.827,https://hvaclogic.org/calculators/btu-calculator
ENV-0255,CZ-4,"Mixed (DC/St. Louis)",15,90,74,70,75,3600,32400,R-19_2x6_16OC_Standard,0.063,Double_Clear_Metal,0.48,0.58,8.5,252.2,32002,14981,46983,10006,13572,4086,4050,31714,7103,38817,3.23,7.2,122.9,0.817,https://hvaclogic.org/calculators/btu-calculator
ENV-0256,CZ-4,"Mixed (DC/St. Louis)",15,90,74,70,75,1500,12000,R-19_2x6_16OC_Standard,0.063,Double_Clear_Metal,0.48,0.58,3.5,38.5,14947,2287,17234,4757,6334,624,2790,14505,1532,16037,1.34,3,123.9,0.904,https://hvaclogic.org/calculators/btu-calculator
ENV-0257,CZ-4,"Mixed (DC/St. Louis)",15,90,74,70,75,2500,21250,R-19_2x6_16OC_Standard,0.063,Double_Clear_Metal,0.48,0.58,3.5,68.1,23069,4045,27114,7273,9651,1103,3420,21447,2448,23895,1.99,5,151.3,0.898,https://hvaclogic.org/calculators/btu-calculator
ENV-0258,CZ-4,"Mixed (DC/St. Louis)",15,90,74,70,75,3600,32400,R-19_2x6_16OC_Standard,0.063,Double_Clear_Metal,0.48,0.58,3.5,103.8,32002,6166,38168,10006,13572,1682,4050,29310,3512,32822,2.74,7.2,162.8,0.893,https://hvaclogic.org/calculators/btu-calculator
ENV-0259,CZ-4,"Mixed (DC/St. Louis)",15,90,74,70,75,1500,12000,R-19_2x6_16OC_Standard,0.063,Double_Clear_Metal,0.48,0.58,1.2,13.2,14947,784,15731,4757,6334,214,2790,14095,919,15014,1.25,3,140,0.939,https://hvaclogic.org/calculators/btu-calculator
ENV-0260,CZ-4,"Mixed (DC/St. Louis)",15,90,74,70,75,2500,21250,R-19_2x6_16OC_Standard,0.063,Double_Clear_Metal,0.48,0.58,1.2,23.4,23069,1390,24459,7273,9651,379,3420,20723,1366,22089,1.84,5,171.7,0.938,https://hvaclogic.org/calculators/btu-calculator
ENV-0261,CZ-4,"Mixed (DC/St. Louis)",15,90,74,70,75,3600,32400,R-19_2x6_16OC_Standard,0.063,Double_Clear_Metal,0.48,0.58,1.2,35.6,32002,2115,34117,10006,13572,577,4050,28205,1862,30067,2.51,7.2,186.9,0.938,https://hvaclogic.org/calculators/btu-calculator
ENV-0262,CZ-4,"Mixed (DC/St. Louis)",15,90,74,70,75,1500,12000,R-19_2x6_16OC_Standard,0.063,Double_LowE_Argon_Vinyl,0.28,0.24,8.5,93.4,12637,5548,18185,4127,2621,1513,2790,11051,2860,13911,1.16,3,158.6,0.794,https://hvaclogic.org/calculators/btu-calculator
ENV-0263,CZ-4,"Mixed (DC/St. Louis)",15,90,74,70,75,2500,21250,R-19_2x6_16OC_Standard,0.063,Double_LowE_Argon_Vinyl,0.28,0.24,8.5,165.4,19549,9825,29374,6313,3994,2679,3420,16406,4803,21209,1.77,5,182.5,0.774,https://hvaclogic.org/calculators/btu-calculator
ENV-0264,CZ-4,"Mixed (DC/St. Louis)",15,90,74,70,75,3600,32400,R-19_2x6_16OC_Standard,0.063,Double_LowE_Argon_Vinyl,0.28,0.24,8.5,252.2,27052,14981,42033,8656,5616,4086,4050,22408,7103,29511,2.46,7.2,192.7,0.759,https://hvaclogic.org/calculators/btu-calculator
ENV-0265,CZ-4,"Mixed (DC/St. Louis)",15,90,74,70,75,1500,12000,R-19_2x6_16OC_Standard,0.063,Double_LowE_Argon_Vinyl,0.28,0.24,3.5,38.5,12637,2287,14924,4127,2621,624,2790,10162,1532,11694,0.97,3,209.3,0.869,https://hvaclogic.org/calculators/btu-calculator
ENV-0266,CZ-4,"Mixed (DC/St. Louis)",15,90,74,70,75,2500,21250,R-19_2x6_16OC_Standard,0.063,Double_LowE_Argon_Vinyl,0.28,0.24,3.5,68.1,19549,4045,23594,6313,3994,1103,3420,14830,2448,17278,1.44,5,247.2,0.858,https://hvaclogic.org/calculators/btu-calculator
ENV-0267,CZ-4,"Mixed (DC/St. Louis)",15,90,74,70,75,3600,32400,R-19_2x6_16OC_Standard,0.063,Double_LowE_Argon_Vinyl,0.28,0.24,3.5,103.8,27052,6166,33218,8656,5616,1682,4050,20004,3512,23516,1.96,7.2,267.3,0.851,https://hvaclogic.org/calculators/btu-calculator
ENV-0268,CZ-4,"Mixed (DC/St. Louis)",15,90,74,70,75,1500,12000,R-19_2x6_16OC_Standard,0.063,Double_LowE_Argon_Vinyl,0.28,0.24,1.2,13.2,12637,784,13421,4127,2621,214,2790,9752,919,10671,0.89,3,237.1,0.914,https://hvaclogic.org/calculators/btu-calculator
ENV-0269,CZ-4,"Mixed (DC/St. Louis)",15,90,74,70,75,2500,21250,R-19_2x6_16OC_Standard,0.063,Double_LowE_Argon_Vinyl,0.28,0.24,1.2,23.4,19549,1390,20939,6313,3994,379,3420,14106,1366,15472,1.29,5,287.6,0.912,https://hvaclogic.org/calculators/btu-calculator
ENV-0270,CZ-4,"Mixed (DC/St. Louis)",15,90,74,70,75,3600,32400,R-19_2x6_16OC_Standard,0.063,Double_LowE_Argon_Vinyl,0.28,0.24,1.2,35.6,27052,2115,29167,8656,5616,577,4050,18899,1862,20761,1.73,7.2,316.2,0.91,https://hvaclogic.org/calculators/btu-calculator
ENV-0271,CZ-4,"Mixed (DC/St. Louis)",15,90,74,70,75,1500,12000,R-21_2x6_24OC_Advanced,0.052,Single_Clear_Aluminum,1.05,0.72,8.5,93.4,20811,5548,26359,6252,7862,1513,2790,18417,2860,21277,1.77,3,69.5,0.866,https://hvaclogic.org/calculators/btu-calculator
ENV-0272,CZ-4,"Mixed (DC/St. Louis)",15,90,74,70,75,2500,21250,R-21_2x6_24OC_Advanced,0.052,Single_Clear_Aluminum,1.05,0.72,8.5,165.4,32085,9825,41910,9584,11981,2679,3420,27664,4803,32467,2.71,5,84.5,0.852,https://hvaclogic.org/calculators/btu-calculator
ENV-0273,CZ-4,"Mixed (DC/St. Louis)",15,90,74,70,75,3600,32400,R-21_2x6_24OC_Advanced,0.052,Single_Clear_Aluminum,1.05,0.72,8.5,252.2,44809,14981,59790,13309,16848,4086,4050,38293,7103,45396,3.78,7.2,90.5,0.844,https://hvaclogic.org/calculators/btu-calculator
ENV-0274,CZ-4,"Mixed (DC/St. Louis)",15,90,74,70,75,1500,12000,R-21_2x6_24OC_Advanced,0.052,Single_Clear_Aluminum,1.05,0.72,3.5,38.5,20811,2287,23098,6252,7862,624,2790,17528,1532,19060,1.59,3,88.7,0.92,https://hvaclogic.org/calculators/btu-calculator
ENV-0275,CZ-4,"Mixed (DC/St. Louis)",15,90,74,70,75,2500,21250,R-21_2x6_24OC_Advanced,0.052,Single_Clear_Aluminum,1.05,0.72,3.5,68.1,32085,4045,36130,9584,11981,1103,3420,26088,2448,28536,2.38,5,110.1,0.914,https://hvaclogic.org/calculators/btu-calculator
ENV-0276,CZ-4,"Mixed (DC/St. Louis)",15,90,74,70,75,3600,32400,R-21_2x6_24OC_Advanced,0.052,Single_Clear_Aluminum,1.05,0.72,3.5,103.8,44809,6166,50975,13309,16848,1682,4050,35889,3512,39401,3.28,7.2,119.5,0.911,https://hvaclogic.org/calculators/btu-calculator
ENV-0277,CZ-4,"Mixed (DC/St. Louis)",15,90,74,70,75,1500,12000,R-21_2x6_24OC_Advanced,0.052,Single_Clear_Aluminum,1.05,0.72,1.2,13.2,20811,784,21595,6252,7862,214,2790,17118,919,18037,1.5,3,100,0.949,https://hvaclogic.org/calculators/btu-calculator
ENV-0278,CZ-4,"Mixed (DC/St. Louis)",15,90,74,70,75,2500,21250,R-21_2x6_24OC_Advanced,0.052,Single_Clear_Aluminum,1.05,0.72,1.2,23.4,32085,1390,33475,9584,11981,379,3420,25364,1366,26730,2.23,5,124.2,0.949,https://hvaclogic.org/calculators/btu-calculator
ENV-0279,CZ-4,"Mixed (DC/St. Louis)",15,90,74,70,75,3600,32400,R-21_2x6_24OC_Advanced,0.052,Single_Clear_Aluminum,1.05,0.72,1.2,35.6,44809,2115,46924,13309,16848,577,4050,34784,1862,36646,3.05,7.2,136.1,0.949,https://hvaclogic.org/calculators/btu-calculator
ENV-0280,CZ-4,"Mixed (DC/St. Louis)",15,90,74,70,75,1500,12000,R-21_2x6_24OC_Advanced,0.052,Double_Clear_Metal,0.48,0.58,8.5,93.4,14227,5548,19775,4456,6334,1513,2790,15093,2860,17953,1.5,3,100,0.841,https://hvaclogic.org/calculators/btu-calculator
ENV-0281,CZ-4,"Mixed (DC/St. Louis)",15,90,74,70,75,2500,21250,R-21_2x6_24OC_Advanced,0.052,Double_Clear_Metal,0.48,0.58,8.5,165.4,22053,9825,31878,6848,9651,2679,3420,22598,4803,27401,2.28,5,119.3,0.825,https://hvaclogic.org/calculators/btu-calculator
ENV-0282,CZ-4,"Mixed (DC/St. Louis)",15,90,74,70,75,3600,32400,R-21_2x6_24OC_Advanced,0.052,Double_Clear_Metal,0.48,0.58,8.5,252.2,30701,14981,45682,9462,13572,4086,4050,31170,7103,38273,3.19,7.2,125.7,0.814,https://hvaclogic.org/calculators/btu-calculator
ENV-0283,CZ-4,"Mixed (DC/St. Louis)",15,90,74,70,75,1500,12000,R-21_2x6_24OC_Advanced,0.052,Double_Clear_Metal,0.48,0.58,3.5,38.5,14227,2287,16514,4456,6334,624,2790,14204,1532,15736,1.31,3,129,0.903,https://hvaclogic.org/calculators/btu-calculator
ENV-0284,CZ-4,"Mixed (DC/St. Louis)",15,90,74,70,75,2500,21250,R-21_2x6_24OC_Advanced,0.052,Double_Clear_Metal,0.48,0.58,3.5,68.1,22053,4045,26098,6848,9651,1103,3420,21022,2448,23470,1.96,5,155.1,0.896,https://hvaclogic.org/calculators/btu-calculator
ENV-0285,CZ-4,"Mixed (DC/St. Louis)",15,90,74,70,75,3600,32400,R-21_2x6_24OC_Advanced,0.052,Double_Clear_Metal,0.48,0.58,3.5,103.8,30701,6166,36867,9462,13572,1682,4050,28766,3512,32278,2.69,7.2,167.7,0.891,https://hvaclogic.org/calculators/btu-calculator
ENV-0286,CZ-4,"Mixed (DC/St. Louis)",15,90,74,70,75,1500,12000,R-21_2x6_24OC_Advanced,0.052,Double_Clear_Metal,0.48,0.58,1.2,13.2,14227,784,15011,4456,6334,214,2790,13794,919,14713,1.23,3,143.9,0.938,https://hvaclogic.org/calculators/btu-calculator
ENV-0287,CZ-4,"Mixed (DC/St. Louis)",15,90,74,70,75,2500,21250,R-21_2x6_24OC_Advanced,0.052,Double_Clear_Metal,0.48,0.58,1.2,23.4,22053,1390,23443,6848,9651,379,3420,20298,1366,21664,1.81,5,176.2,0.937,https://hvaclogic.org/calculators/btu-calculator
ENV-0288,CZ-4,"Mixed (DC/St. Louis)",15,90,74,70,75,3600,32400,R-21_2x6_24OC_Advanced,0.052,Double_Clear_Metal,0.48,0.58,1.2,35.6,30701,2115,32816,9462,13572,577,4050,27661,1862,29523,2.46,7.2,192.7,0.937,https://hvaclogic.org/calculators/btu-calculator
ENV-0289,CZ-4,"Mixed (DC/St. Louis)",15,90,74,70,75,1500,12000,R-21_2x6_24OC_Advanced,0.052,Double_LowE_Argon_Vinyl,0.28,0.24,8.5,93.4,11917,5548,17465,3826,2621,1513,2790,10750,2860,13610,1.13,3,165.5,0.79,https://hvaclogic.org/calculators/btu-calculator
ENV-0290,CZ-4,"Mixed (DC/St. Louis)",15,90,74,70,75,2500,21250,R-21_2x6_24OC_Advanced,0.052,Double_LowE_Argon_Vinyl,0.28,0.24,8.5,165.4,18533,9825,28358,5888,3994,2679,3420,15981,4803,20784,1.73,5,189,0.769,https://hvaclogic.org/calculators/btu-calculator
ENV-0291,CZ-4,"Mixed (DC/St. Louis)",15,90,74,70,75,3600,32400,R-21_2x6_24OC_Advanced,0.052,Double_LowE_Argon_Vinyl,0.28,0.24,8.5,252.2,25751,14981,40732,8112,5616,4086,4050,21864,7103,28967,2.41,7.2,198.8,0.755,https://hvaclogic.org/calculators/btu-calculator
ENV-0292,CZ-4,"Mixed (DC/St. Louis)",15,90,74,70,75,1500,12000,R-21_2x6_24OC_Advanced,0.052,Double_LowE_Argon_Vinyl,0.28,0.24,3.5,38.5,11917,2287,14204,3826,2621,624,2790,9861,1532,11393,0.95,3,215.8,0.866,https://hvaclogic.org/calculators/btu-calculator
ENV-0293,CZ-4,"Mixed (DC/St. Louis)",15,90,74,70,75,2500,21250,R-21_2x6_24OC_Advanced,0.052,Double_LowE_Argon_Vinyl,0.28,0.24,3.5,68.1,18533,4045,22578,5888,3994,1103,3420,14405,2448,16853,1.4,5,257.1,0.855,https://hvaclogic.org/calculators/btu-calculator
ENV-0294,CZ-4,"Mixed (DC/St. Louis)",15,90,74,70,75,3600,32400,R-21_2x6_24OC_Advanced,0.052,Double_LowE_Argon_Vinyl,0.28,0.24,3.5,103.8,25751,6166,31917,8112,5616,1682,4050,19460,3512,22972,1.91,7.2,277,0.847,https://hvaclogic.org/calculators/btu-calculator
ENV-0295,CZ-4,"Mixed (DC/St. Louis)",15,90,74,70,75,1500,12000,R-21_2x6_24OC_Advanced,0.052,Double_LowE_Argon_Vinyl,0.28,0.24,1.2,13.2,11917,784,12701,3826,2621,214,2790,9451,919,10370,0.86,3,248.8,0.911,https://hvaclogic.org/calculators/btu-calculator
ENV-0296,CZ-4,"Mixed (DC/St. Louis)",15,90,74,70,75,2500,21250,R-21_2x6_24OC_Advanced,0.052,Double_LowE_Argon_Vinyl,0.28,0.24,1.2,23.4,18533,1390,19923,5888,3994,379,3420,13681,1366,15047,1.25,5,300,0.909,https://hvaclogic.org/calculators/btu-calculator
ENV-0297,CZ-4,"Mixed (DC/St. Louis)",15,90,74,70,75,3600,32400,R-21_2x6_24OC_Advanced,0.052,Double_LowE_Argon_Vinyl,0.28,0.24,1.2,35.6,25751,2115,27866,8112,5616,577,4050,18355,1862,20217,1.68,7.2,328.6,0.908,https://hvaclogic.org/calculators/btu-calculator
ENV-0298,CZ-4,"Mixed (DC/St. Louis)",15,90,74,70,75,1500,12000,R-20+5ci_HighPerformance,0.04,Single_Clear_Aluminum,1.05,0.72,8.5,93.4,20026,5548,25574,5923,7862,1513,2790,18088,2860,20948,1.75,3,71.4,0.863,https://hvaclogic.org/calculators/btu-calculator
ENV-0299,CZ-4,"Mixed (DC/St. Louis)",15,90,74,70,75,2500,21250,R-20+5ci_HighPerformance,0.04,Single_Clear_Aluminum,1.05,0.72,8.5,165.4,30976,9825,40801,9121,11981,2679,3420,27201,4803,32004,2.67,5,87.3,0.85,https://hvaclogic.org/calculators/btu-calculator
ENV-0300,CZ-4,"Mixed (DC/St. Louis)",15,90,74,70,75,3600,32400,R-20+5ci_HighPerformance,0.04,Single_Clear_Aluminum,1.05,0.72,8.5,252.2,43390,14981,58371,12716,16848,4086,4050,37700,7103,44803,3.73,7.2,93,0.841,https://hvaclogic.org/calculators/btu-calculator
ENV-0301,CZ-4,"Mixed (DC/St. Louis)",15,90,74,70,75,1500,12000,R-20+5ci_HighPerformance,0.04,Single_Clear_Aluminum,1.05,0.72,3.5,38.5,20026,2287,22313,5923,7862,624,2790,17199,1532,18731,1.56,3,92.3,0.918,https://hvaclogic.org/calculators/btu-calculator
ENV-0302,CZ-4,"Mixed (DC/St. Louis)",15,90,74,70,75,2500,21250,R-20+5ci_HighPerformance,0.04,Single_Clear_Aluminum,1.05,0.72,3.5,68.1,30976,4045,35021,9121,11981,1103,3420,25625,2448,28073,2.34,5,113.7,0.913,https://hvaclogic.org/calculators/btu-calculator
ENV-0303,CZ-4,"Mixed (DC/St. Louis)",15,90,74,70,75,3600,32400,R-20+5ci_HighPerformance,0.04,Single_Clear_Aluminum,1.05,0.72,3.5,103.8,43390,6166,49556,12716,16848,1682,4050,35296,3512,38808,3.23,7.2,122.9,0.91,https://hvaclogic.org/calculators/btu-calculator
ENV-0304,CZ-4,"Mixed (DC/St. Louis)",15,90,74,70,75,1500,12000,R-20+5ci_HighPerformance,0.04,Single_Clear_Aluminum,1.05,0.72,1.2,13.2,20026,784,20810,5923,7862,214,2790,16789,919,17708,1.48,3,102.7,0.948,https://hvaclogic.org/calculators/btu-calculator
ENV-0305,CZ-4,"Mixed (DC/St. Louis)",15,90,74,70,75,2500,21250,R-20+5ci_HighPerformance,0.04,Single_Clear_Aluminum,1.05,0.72,1.2,23.4,30976,1390,32366,9121,11981,379,3420,24901,1366,26267,2.19,5,128.3,0.948,https://hvaclogic.org/calculators/btu-calculator
ENV-0306,CZ-4,"Mixed (DC/St. Louis)",15,90,74,70,75,3600,32400,R-20+5ci_HighPerformance,0.04,Single_Clear_Aluminum,1.05,0.72,1.2,35.6,43390,2115,45505,12716,16848,577,4050,34191,1862,36053,3,7.2,140,0.948,https://hvaclogic.org/calculators/btu-calculator
ENV-0307,CZ-4,"Mixed (DC/St. Louis)",15,90,74,70,75,1500,12000,R-20+5ci_HighPerformance,0.04,Double_Clear_Metal,0.48,0.58,8.5,93.4,13442,5548,18990,4128,6334,1513,2790,14765,2860,17625,1.47,3,104.1,0.838,https://hvaclogic.org/calculators/btu-calculator
ENV-0308,CZ-4,"Mixed (DC/St. Louis)",15,90,74,70,75,2500,21250,R-20+5ci_HighPerformance,0.04,Double_Clear_Metal,0.48,0.58,8.5,165.4,20944,9825,30769,6385,9651,2679,3420,22135,4803,26938,2.24,5,123.2,0.822,https://hvaclogic.org/calculators/btu-calculator
ENV-0309,CZ-4,"Mixed (DC/St. Louis)",15,90,74,70,75,3600,32400,R-20+5ci_HighPerformance,0.04,Double_Clear_Metal,0.48,0.58,8.5,252.2,29282,14981,44263,8868,13572,4086,4050,30576,7103,37679,3.14,7.2,129.3,0.811,https://hvaclogic.org/calculators/btu-calculator
ENV-0310,CZ-4,"Mixed (DC/St. Louis)",15,90,74,70,75,1500,12000,R-20+5ci_HighPerformance,0.04,Double_Clear_Metal,0.48,0.58,3.5,38.5,13442,2287,15729,4128,6334,624,2790,13876,1532,15408,1.28,3,134.4,0.901,https://hvaclogic.org/calculators/btu-calculator
ENV-0311,CZ-4,"Mixed (DC/St. Louis)",15,90,74,70,75,2500,21250,R-20+5ci_HighPerformance,0.04,Double_Clear_Metal,0.48,0.58,3.5,68.1,20944,4045,24989,6385,9651,1103,3420,20559,2448,23007,1.92,5,160.4,0.894,https://hvaclogic.org/calculators/btu-calculator
ENV-0312,CZ-4,"Mixed (DC/St. Louis)",15,90,74,70,75,3600,32400,R-20+5ci_HighPerformance,0.04,Double_Clear_Metal,0.48,0.58,3.5,103.8,29282,6166,35448,8868,13572,1682,4050,28172,3512,31684,2.64,7.2,172.7,0.889,https://hvaclogic.org/calculators/btu-calculator
ENV-0313,CZ-4,"Mixed (DC/St. Louis)",15,90,74,70,75,1500,12000,R-20+5ci_HighPerformance,0.04,Double_Clear_Metal,0.48,0.58,1.2,13.2,13442,784,14226,4128,6334,214,2790,13466,919,14385,1.2,3,150,0.936,https://hvaclogic.org/calculators/btu-calculator
ENV-0314,CZ-4,"Mixed (DC/St. Louis)",15,90,74,70,75,2500,21250,R-20+5ci_HighPerformance,0.04,Double_Clear_Metal,0.48,0.58,1.2,23.4,20944,1390,22334,6385,9651,379,3420,19835,1366,21201,1.77,5,182.5,0.936,https://hvaclogic.org/calculators/btu-calculator
ENV-0315,CZ-4,"Mixed (DC/St. Louis)",15,90,74,70,75,3600,32400,R-20+5ci_HighPerformance,0.04,Double_Clear_Metal,0.48,0.58,1.2,35.6,29282,2115,31397,8868,13572,577,4050,27067,1862,28929,2.41,7.2,198.8,0.936,https://hvaclogic.org/calculators/btu-calculator
ENV-0316,CZ-4,"Mixed (DC/St. Louis)",15,90,74,70,75,1500,12000,R-20+5ci_HighPerformance,0.04,Double_LowE_Argon_Vinyl,0.28,0.24,8.5,93.4,11132,5548,16680,3498,2621,1513,2790,10422,2860,13282,1.11,3,170.3,0.785,https://hvaclogic.org/calculators/btu-calculator
ENV-0317,CZ-4,"Mixed (DC/St. Louis)",15,90,74,70,75,2500,21250,R-20+5ci_HighPerformance,0.04,Double_LowE_Argon_Vinyl,0.28,0.24,8.5,165.4,17424,9825,27249,5425,3994,2679,3420,15518,4803,20321,1.69,5,195.9,0.764,https://hvaclogic.org/calculators/btu-calculator
ENV-0318,CZ-4,"Mixed (DC/St. Louis)",15,90,74,70,75,3600,32400,R-20+5ci_HighPerformance,0.04,Double_LowE_Argon_Vinyl,0.28,0.24,8.5,252.2,24332,14981,39313,7518,5616,4086,4050,21270,7103,28373,2.36,7.2,205.1,0.75,https://hvaclogic.org/calculators/btu-calculator
ENV-0319,CZ-4,"Mixed (DC/St. Louis)",15,90,74,70,75,1500,12000,R-20+5ci_HighPerformance,0.04,Double_LowE_Argon_Vinyl,0.28,0.24,3.5,38.5,11132,2287,13419,3498,2621,624,2790,9533,1532,11065,0.92,3,226.1,0.862,https://hvaclogic.org/calculators/btu-calculator
ENV-0320,CZ-4,"Mixed (DC/St. Louis)",15,90,74,70,75,2500,21250,R-20+5ci_HighPerformance,0.04,Double_LowE_Argon_Vinyl,0.28,0.24,3.5,68.1,17424,4045,21469,5425,3994,1103,3420,13942,2448,16390,1.37,5,265,0.851,https://hvaclogic.org/calculators/btu-calculator
ENV-0321,CZ-4,"Mixed (DC/St. Louis)",15,90,74,70,75,3600,32400,R-20+5ci_HighPerformance,0.04,Double_LowE_Argon_Vinyl,0.28,0.24,3.5,103.8,24332,6166,30498,7518,5616,1682,4050,18866,3512,22378,1.86,7.2,287.1,0.843,https://hvaclogic.org/calculators/btu-calculator
ENV-0322,CZ-4,"Mixed (DC/St. Louis)",15,90,74,70,75,1500,12000,R-20+5ci_HighPerformance,0.04,Double_LowE_Argon_Vinyl,0.28,0.24,1.2,13.2,11132,784,11916,3498,2621,214,2790,9123,919,10042,0.84,3,257.1,0.908,https://hvaclogic.org/calculators/btu-calculator
ENV-0323,CZ-4,"Mixed (DC/St. Louis)",15,90,74,70,75,2500,21250,R-20+5ci_HighPerformance,0.04,Double_LowE_Argon_Vinyl,0.28,0.24,1.2,23.4,17424,1390,18814,5425,3994,379,3420,13218,1366,14584,1.22,5,309.8,0.906,https://hvaclogic.org/calculators/btu-calculator
ENV-0324,CZ-4,"Mixed (DC/St. Louis)",15,90,74,70,75,3600,32400,R-20+5ci_HighPerformance,0.04,Double_LowE_Argon_Vinyl,0.28,0.24,1.2,35.6,24332,2115,26447,7518,5616,577,4050,17761,1862,19623,1.64,7.2,339,0.905,https://hvaclogic.org/calculators/btu-calculator
ENV-0325,CZ-5,"Cold (Chicago/Denver)",0,88,72,70,75,1500,12000,R-11_2x4_16OC_Legacy,0.106,Single_Clear_Aluminum,1.05,0.72,8.5,93.4,30355,7061,37416,6625,7862,1311,2790,18588,2182,20770,1.73,3,73.4,0.895,https://hvaclogic.org/calculators/btu-calculator
ENV-0326,CZ-5,"Cold (Chicago/Denver)",0,88,72,70,75,2500,21250,R-11_2x4_16OC_Legacy,0.106,Single_Clear_Aluminum,1.05,0.72,8.5,165.4,46136,12504,58640,9958,11981,2322,3420,27681,3602,31283,2.61,5,91.6,0.885,https://hvaclogic.org/calculators/btu-calculator
ENV-0327,CZ-5,"Cold (Chicago/Denver)",0,88,72,70,75,3600,32400,R-11_2x4_16OC_Legacy,0.106,Single_Clear_Aluminum,1.05,0.72,8.5,252.2,63644,19066,82710,13592,16848,3541,4050,38031,5272,43303,3.61,7.2,99.4,0.878,https://hvaclogic.org/calculators/btu-calculator
ENV-0328,CZ-5,"Cold (Chicago/Denver)",0,88,72,70,75,1500,12000,R-11_2x4_16OC_Legacy,0.106,Single_Clear_Aluminum,1.05,0.72,3.5,38.5,30355,2911,33266,6625,7862,541,2790,17818,1252,19070,1.59,3,88.7,0.934,https://hvaclogic.org/calculators/btu-calculator
ENV-0329,CZ-5,"Cold (Chicago/Denver)",0,88,72,70,75,2500,21250,R-11_2x4_16OC_Legacy,0.106,Single_Clear_Aluminum,1.05,0.72,3.5,68.1,46136,5148,51284,9958,11981,956,3420,26315,1954,28269,2.36,5,111.9,0.931,https://hvaclogic.org/calculators/btu-calculator
ENV-0330,CZ-5,"Cold (Chicago/Denver)",0,88,72,70,75,3600,32400,R-11_2x4_16OC_Legacy,0.106,Single_Clear_Aluminum,1.05,0.72,3.5,103.8,63644,7847,71491,13592,16848,1457,4050,35947,2758,38705,3.23,7.2,122.9,0.929,https://hvaclogic.org/calculators/btu-calculator
ENV-0331,CZ-5,"Cold (Chicago/Denver)",0,88,72,70,75,1500,12000,R-11_2x4_16OC_Legacy,0.106,Single_Clear_Aluminum,1.05,0.72,1.2,13.2,30355,998,31353,6625,7862,185,2790,17462,824,18286,1.52,3,97.4,0.955,https://hvaclogic.org/calculators/btu-calculator
ENV-0332,CZ-5,"Cold (Chicago/Denver)",0,88,72,70,75,2500,21250,R-11_2x4_16OC_Legacy,0.106,Single_Clear_Aluminum,1.05,0.72,1.2,23.4,46136,1769,47905,9958,11981,329,3420,25688,1196,26884,2.24,5,123.2,0.956,https://hvaclogic.org/calculators/btu-calculator
ENV-0333,CZ-5,"Cold (Chicago/Denver)",0,88,72,70,75,3600,32400,R-11_2x4_16OC_Legacy,0.106,Single_Clear_Aluminum,1.05,0.72,1.2,35.6,63644,2691,66335,13592,16848,500,4050,34990,1603,36593,3.05,7.2,136.1,0.956,https://hvaclogic.org/calculators/btu-calculator
ENV-0334,CZ-5,"Cold (Chicago/Denver)",0,88,72,70,75,1500,12000,R-11_2x4_16OC_Legacy,0.106,Double_Clear_Metal,0.48,0.58,8.5,93.4,21976,7061,29037,5069,6334,1311,2790,15504,2182,17686,1.47,3,104.1,0.877,https://hvaclogic.org/calculators/btu-calculator
ENV-0335,CZ-5,"Cold (Chicago/Denver)",0,88,72,70,75,2500,21250,R-11_2x4_16OC_Legacy,0.106,Double_Clear_Metal,0.48,0.58,8.5,165.4,33368,12504,45872,7586,9651,2322,3420,22979,3602,26581,2.22,5,125.2,0.864,https://hvaclogic.org/calculators/btu-calculator
ENV-0336,CZ-5,"Cold (Chicago/Denver)",0,88,72,70,75,3600,32400,R-11_2x4_16OC_Legacy,0.106,Double_Clear_Metal,0.48,0.58,8.5,252.2,45689,19066,64755,10258,13572,3541,4050,31421,5272,36693,3.06,7.2,135.3,0.856,https://hvaclogic.org/calculators/btu-calculator
ENV-0337,CZ-5,"Cold (Chicago/Denver)",0,88,72,70,75,1500,12000,R-11_2x4_16OC_Legacy,0.106,Double_Clear_Metal,0.48,0.58,3.5,38.5,21976,2911,24887,5069,6334,541,2790,14734,1252,15986,1.33,3,125.6,0.922,https://hvaclogic.org/calculators/btu-calculator
ENV-0338,CZ-5,"Cold (Chicago/Denver)",0,88,72,70,75,2500,21250,R-11_2x4_16OC_Legacy,0.106,Double_Clear_Metal,0.48,0.58,3.5,68.1,33368,5148,38516,7586,9651,956,3420,21613,1954,23567,1.96,5,155.1,0.917,https://hvaclogic.org/calculators/btu-calculator
ENV-0339,CZ-5,"Cold (Chicago/Denver)",0,88,72,70,75,3600,32400,R-11_2x4_16OC_Legacy,0.106,Double_Clear_Metal,0.48,0.58,3.5,103.8,45689,7847,53536,10258,13572,1457,4050,29337,2758,32095,2.67,7.2,169.7,0.914,https://hvaclogic.org/calculators/btu-calculator
ENV-0340,CZ-5,"Cold (Chicago/Denver)",0,88,72,70,75,1500,12000,R-11_2x4_16OC_Legacy,0.106,Double_Clear_Metal,0.48,0.58,1.2,13.2,21976,998,22974,5069,6334,185,2790,14378,824,15202,1.27,3,136.2,0.946,https://hvaclogic.org/calculators/btu-calculator
ENV-0341,CZ-5,"Cold (Chicago/Denver)",0,88,72,70,75,2500,21250,R-11_2x4_16OC_Legacy,0.106,Double_Clear_Metal,0.48,0.58,1.2,23.4,33368,1769,35137,7586,9651,329,3420,20986,1196,22182,1.85,5,170.3,0.946,https://hvaclogic.org/calculators/btu-calculator
ENV-0342,CZ-5,"Cold (Chicago/Denver)",0,88,72,70,75,3600,32400,R-11_2x4_16OC_Legacy,0.106,Double_Clear_Metal,0.48,0.58,1.2,35.6,45689,2691,48380,10258,13572,500,4050,28380,1603,29983,2.5,7.2,188,0.947,https://hvaclogic.org/calculators/btu-calculator
ENV-0343,CZ-5,"Cold (Chicago/Denver)",0,88,72,70,75,1500,12000,R-11_2x4_16OC_Legacy,0.106,Double_LowE_Argon_Vinyl,0.28,0.24,8.5,93.4,19036,7061,26097,4523,2621,1311,2790,11245,2182,13427,1.12,3,167.9,0.837,https://hvaclogic.org/calculators/btu-calculator
ENV-0344,CZ-5,"Cold (Chicago/Denver)",0,88,72,70,75,2500,21250,R-11_2x4_16OC_Legacy,0.106,Double_LowE_Argon_Vinyl,0.28,0.24,8.5,165.4,28888,12504,41392,6754,3994,2322,3420,16490,3602,20092,1.67,5,199.4,0.821,https://hvaclogic.org/calculators/btu-calculator
ENV-0345,CZ-5,"Cold (Chicago/Denver)",0,88,72,70,75,3600,32400,R-11_2x4_16OC_Legacy,0.106,Double_LowE_Argon_Vinyl,0.28,0.24,8.5,252.2,39389,19066,58455,9088,5616,3541,4050,22295,5272,27567,2.3,7.2,213,0.809,https://hvaclogic.org/calculators/btu-calculator
ENV-0346,CZ-5,"Cold (Chicago/Denver)",0,88,72,70,75,1500,12000,R-11_2x4_16OC_Legacy,0.106,Double_LowE_Argon_Vinyl,0.28,0.24,3.5,38.5,19036,2911,21947,4523,2621,541,2790,10475,1252,11727,0.98,3,206.1,0.893,https://hvaclogic.org/calculators/btu-calculator
ENV-0347,CZ-5,"Cold (Chicago/Denver)",0,88,72,70,75,2500,21250,R-11_2x4_16OC_Legacy,0.106,Double_LowE_Argon_Vinyl,0.28,0.24,3.5,68.1,28888,5148,34036,6754,3994,956,3420,15124,1954,17078,1.42,5,252.1,0.886,https://hvaclogic.org/calculators/btu-calculator
ENV-0348,CZ-5,"Cold (Chicago/Denver)",0,88,72,70,75,3600,32400,R-11_2x4_16OC_Legacy,0.106,Double_LowE_Argon_Vinyl,0.28,0.24,3.5,103.8,39389,7847,47236,9088,5616,1457,4050,20211,2758,22969,1.91,7.2,277,0.88,https://hvaclogic.org/calculators/btu-calculator
ENV-0349,CZ-5,"Cold (Chicago/Denver)",0,88,72,70,75,1500,12000,R-11_2x4_16OC_Legacy,0.106,Double_LowE_Argon_Vinyl,0.28,0.24,1.2,13.2,19036,998,20034,4523,2621,185,2790,10119,824,10943,0.91,3,229.7,0.925,https://hvaclogic.org/calculators/btu-calculator
ENV-0350,CZ-5,"Cold (Chicago/Denver)",0,88,72,70,75,2500,21250,R-11_2x4_16OC_Legacy,0.106,Double_LowE_Argon_Vinyl,0.28,0.24,1.2,23.4,28888,1769,30657,6754,3994,329,3420,14497,1196,15693,1.31,5,281.7,0.924,https://hvaclogic.org/calculators/btu-calculator
ENV-0351,CZ-5,"Cold (Chicago/Denver)",0,88,72,70,75,3600,32400,R-11_2x4_16OC_Legacy,0.106,Double_LowE_Argon_Vinyl,0.28,0.24,1.2,35.6,39389,2691,42080,9088,5616,500,4050,19254,1603,20857,1.74,7.2,313.8,0.923,https://hvaclogic.org/calculators/btu-calculator
ENV-0352,CZ-5,"Cold (Chicago/Denver)",0,88,72,70,75,1500,12000,R-19_2x6_16OC_Standard,0.063,Single_Clear_Aluminum,1.05,0.72,8.5,93.4,26773,7061,33834,5551,7862,1311,2790,17514,2182,19696,1.64,3,82.9,0.889,https://hvaclogic.org/calculators/btu-calculator
ENV-0353,CZ-5,"Cold (Chicago/Denver)",0,88,72,70,75,2500,21250,R-19_2x6_16OC_Standard,0.063,Single_Clear_Aluminum,1.05,0.72,8.5,165.4,41079,12504,53583,8441,11981,2322,3420,26164,3602,29766,2.48,5,101.6,0.879,https://hvaclogic.org/calculators/btu-calculator
ENV-0354,CZ-5,"Cold (Chicago/Denver)",0,88,72,70,75,3600,32400,R-19_2x6_16OC_Standard,0.063,Single_Clear_Aluminum,1.05,0.72,8.5,252.2,57173,19066,76239,11651,16848,3541,4050,36090,5272,41362,3.45,7.2,108.7,0.873,https://hvaclogic.org/calculators/btu-calculator
ENV-0355,CZ-5,"Cold (Chicago/Denver)",0,88,72,70,75,1500,12000,R-19_2x6_16OC_Standard,0.063,Single_Clear_Aluminum,1.05,0.72,3.5,38.5,26773,2911,29684,5551,7862,541,2790,16744,1252,17996,1.5,3,100,0.93,https://hvaclogic.org/calculators/btu-calculator
ENV-0356,CZ-5,"Cold (Chicago/Denver)",0,88,72,70,75,2500,21250,R-19_2x6_16OC_Standard,0.063,Single_Clear_Aluminum,1.05,0.72,3.5,68.1,41079,5148,46227,8441,11981,956,3420,24798,1954,26752,2.23,5,124.2,0.927,https://hvaclogic.org/calculators/btu-calculator
ENV-0357,CZ-5,"Cold (Chicago/Denver)",0,88,72,70,75,3600,32400,R-19_2x6_16OC_Standard,0.063,Single_Clear_Aluminum,1.05,0.72,3.5,103.8,57173,7847,65020,11651,16848,1457,4050,34006,2758,36764,3.06,7.2,135.3,0.925,https://hvaclogic.org/calculators/btu-calculator
ENV-0358,CZ-5,"Cold (Chicago/Denver)",0,88,72,70,75,1500,12000,R-19_2x6_16OC_Standard,0.063,Single_Clear_Aluminum,1.05,0.72,1.2,13.2,26773,998,27771,5551,7862,185,2790,16388,824,17212,1.43,3,109.8,0.952,https://hvaclogic.org/calculators/btu-calculator
ENV-0359,CZ-5,"Cold (Chicago/Denver)",0,88,72,70,75,2500,21250,R-19_2x6_16OC_Standard,0.063,Single_Clear_Aluminum,1.05,0.72,1.2,23.4,41079,1769,42848,8441,11981,329,3420,24171,1196,25367,2.11,5,137,0.953,https://hvaclogic.org/calculators/btu-calculator
ENV-0360,CZ-5,"Cold (Chicago/Denver)",0,88,72,70,75,3600,32400,R-19_2x6_16OC_Standard,0.063,Single_Clear_Aluminum,1.05,0.72,1.2,35.6,57173,2691,59864,11651,16848,500,4050,33049,1603,34652,2.89,7.2,149.1,0.954,https://hvaclogic.org/calculators/btu-calculator
ENV-0361,CZ-5,"Cold (Chicago/Denver)",0,88,72,70,75,1500,12000,R-19_2x6_16OC_Standard,0.063,Double_Clear_Metal,0.48,0.58,8.5,93.4,18394,7061,25455,3995,6334,1311,2790,14430,2182,16612,1.38,3,117.4,0.869,https://hvaclogic.org/calculators/btu-calculator
ENV-0362,CZ-5,"Cold (Chicago/Denver)",0,88,72,70,75,2500,21250,R-19_2x6_16OC_Standard,0.063,Double_Clear_Metal,0.48,0.58,8.5,165.4,28311,12504,40815,6069,9651,2322,3420,21462,3602,25064,2.09,5,139.2,0.856,https://hvaclogic.org/calculators/btu-calculator
ENV-0363,CZ-5,"Cold (Chicago/Denver)",0,88,72,70,75,3600,32400,R-19_2x6_16OC_Standard,0.063,Double_Clear_Metal,0.48,0.58,8.5,252.2,39218,19066,58284,8316,13572,3541,4050,29479,5272,34751,2.9,7.2,148.3,0.848,https://hvaclogic.org/calculators/btu-calculator
ENV-0364,CZ-5,"Cold (Chicago/Denver)",0,88,72,70,75,1500,12000,R-19_2x6_16OC_Standard,0.063,Double_Clear_Metal,0.48,0.58,3.5,38.5,18394,2911,21305,3995,6334,541,2790,13660,1252,14912,1.24,3,141.9,0.916,https://hvaclogic.org/calculators/btu-calculator
ENV-0365,CZ-5,"Cold (Chicago/Denver)",0,88,72,70,75,2500,21250,R-19_2x6_16OC_Standard,0.063,Double_Clear_Metal,0.48,0.58,3.5,68.1,28311,5148,33459,6069,9651,956,3420,20096,1954,22050,1.84,5,171.7,0.911,https://hvaclogic.org/calculators/btu-calculator
ENV-0366,CZ-5,"Cold (Chicago/Denver)",0,88,72,70,75,3600,32400,R-19_2x6_16OC_Standard,0.063,Double_Clear_Metal,0.48,0.58,3.5,103.8,39218,7847,47065,8316,13572,1457,4050,27395,2758,30153,2.51,7.2,186.9,0.909,https://hvaclogic.org/calculators/btu-calculator
ENV-0367,CZ-5,"Cold (Chicago/Denver)",0,88,72,70,75,1500,12000,R-19_2x6_16OC_Standard,0.063,Double_Clear_Metal,0.48,0.58,1.2,13.2,18394,998,19392,3995,6334,185,2790,13304,824,14128,1.18,3,154.2,0.942,https://hvaclogic.org/calculators/btu-calculator
ENV-0368,CZ-5,"Cold (Chicago/Denver)",0,88,72,70,75,2500,21250,R-19_2x6_16OC_Standard,0.063,Double_Clear_Metal,0.48,0.58,1.2,23.4,28311,1769,30080,6069,9651,329,3420,19469,1196,20665,1.72,5,190.7,0.942,https://hvaclogic.org/calculators/btu-calculator
ENV-0369,CZ-5,"Cold (Chicago/Denver)",0,88,72,70,75,3600,32400,R-19_2x6_16OC_Standard,0.063,Double_Clear_Metal,0.48,0.58,1.2,35.6,39218,2691,41909,8316,13572,500,4050,26438,1603,28041,2.34,7.2,207.7,0.943,https://hvaclogic.org/calculators/btu-calculator
ENV-0370,CZ-5,"Cold (Chicago/Denver)",0,88,72,70,75,1500,12000,R-19_2x6_16OC_Standard,0.063,Double_LowE_Argon_Vinyl,0.28,0.24,8.5,93.4,15454,7061,22515,3449,2621,1311,2790,10171,2182,12353,1.03,3,191.3,0.823,https://hvaclogic.org/calculators/btu-calculator
ENV-0371,CZ-5,"Cold (Chicago/Denver)",0,88,72,70,75,2500,21250,R-19_2x6_16OC_Standard,0.063,Double_LowE_Argon_Vinyl,0.28,0.24,8.5,165.4,23831,12504,36335,5237,3994,2322,3420,14973,3602,18575,1.55,5,222.6,0.806,https://hvaclogic.org/calculators/btu-calculator
ENV-0372,CZ-5,"Cold (Chicago/Denver)",0,88,72,70,75,3600,32400,R-19_2x6_16OC_Standard,0.063,Double_LowE_Argon_Vinyl,0.28,0.24,8.5,252.2,32918,19066,51984,7146,5616,3541,4050,20353,5272,25625,2.14,7.2,236.4,0.794,https://hvaclogic.org/calculators/btu-calculator
ENV-0373,CZ-5,"Cold (Chicago/Denver)",0,88,72,70,75,1500,12000,R-19_2x6_16OC_Standard,0.063,Double_LowE_Argon_Vinyl,0.28,0.24,3.5,38.5,15454,2911,18365,3449,2621,541,2790,9401,1252,10653,0.89,3,237.1,0.882,https://hvaclogic.org/calculators/btu-calculator
ENV-0374,CZ-5,"Cold (Chicago/Denver)",0,88,72,70,75,2500,21250,R-19_2x6_16OC_Standard,0.063,Double_LowE_Argon_Vinyl,0.28,0.24,3.5,68.1,23831,5148,28979,5237,3994,956,3420,13607,1954,15561,1.3,5,284.6,0.874,https://hvaclogic.org/calculators/btu-calculator
ENV-0375,CZ-5,"Cold (Chicago/Denver)",0,88,72,70,75,3600,32400,R-19_2x6_16OC_Standard,0.063,Double_LowE_Argon_Vinyl,0.28,0.24,3.5,103.8,32918,7847,40765,7146,5616,1457,4050,18269,2758,21027,1.75,7.2,311.4,0.869,https://hvaclogic.org/calculators/btu-calculator
ENV-0376,CZ-5,"Cold (Chicago/Denver)",0,88,72,70,75,1500,12000,R-19_2x6_16OC_Standard,0.063,Double_LowE_Argon_Vinyl,0.28,0.24,1.2,13.2,15454,998,16452,3449,2621,185,2790,9045,824,9869,0.82,3,265.9,0.917,https://hvaclogic.org/calculators/btu-calculator
ENV-0377,CZ-5,"Cold (Chicago/Denver)",0,88,72,70,75,2500,21250,R-19_2x6_16OC_Standard,0.063,Double_LowE_Argon_Vinyl,0.28,0.24,1.2,23.4,23831,1769,25600,5237,3994,329,3420,12980,1196,14176,1.18,5,323.7,0.916,https://hvaclogic.org/calculators/btu-calculator
ENV-0378,CZ-5,"Cold (Chicago/Denver)",0,88,72,70,75,3600,32400,R-19_2x6_16OC_Standard,0.063,Double_LowE_Argon_Vinyl,0.28,0.24,1.2,35.6,32918,2691,35609,7146,5616,500,4050,17312,1603,18915,1.58,7.2,355.7,0.915,https://hvaclogic.org/calculators/btu-calculator
ENV-0379,CZ-5,"Cold (Chicago/Denver)",0,88,72,70,75,1500,12000,R-21_2x6_24OC_Advanced,0.052,Single_Clear_Aluminum,1.05,0.72,8.5,93.4,25857,7061,32918,5276,7862,1311,2790,17239,2182,19421,1.62,3,85.2,0.888,https://hvaclogic.org/calculators/btu-calculator
ENV-0380,CZ-5,"Cold (Chicago/Denver)",0,88,72,70,75,2500,21250,R-21_2x6_24OC_Advanced,0.052,Single_Clear_Aluminum,1.05,0.72,8.5,165.4,39785,12504,52289,8053,11981,2322,3420,25776,3602,29378,2.45,5,104.1,0.877,https://hvaclogic.org/calculators/btu-calculator
ENV-0381,CZ-5,"Cold (Chicago/Denver)",0,88,72,70,75,3600,32400,R-21_2x6_24OC_Advanced,0.052,Single_Clear_Aluminum,1.05,0.72,8.5,252.2,55517,19066,74583,11154,16848,3541,4050,35593,5272,40865,3.41,7.2,111.1,0.871,https://hvaclogic.org/calculators/btu-calculator
ENV-0382,CZ-5,"Cold (Chicago/Denver)",0,88,72,70,75,1500,12000,R-21_2x6_24OC_Advanced,0.052,Single_Clear_Aluminum,1.05,0.72,3.5,38.5,25857,2911,28768,5276,7862,541,2790,16469,1252,17721,1.48,3,102.7,0.929,https://hvaclogic.org/calculators/btu-calculator
ENV-0383,CZ-5,"Cold (Chicago/Denver)",0,88,72,70,75,2500,21250,R-21_2x6_24OC_Advanced,0.052,Single_Clear_Aluminum,1.05,0.72,3.5,68.1,39785,5148,44933,8053,11981,956,3420,24410,1954,26364,2.2,5,127.3,0.926,https://hvaclogic.org/calculators/btu-calculator
ENV-0384,CZ-5,"Cold (Chicago/Denver)",0,88,72,70,75,3600,32400,R-21_2x6_24OC_Advanced,0.052,Single_Clear_Aluminum,1.05,0.72,3.5,103.8,55517,7847,63364,11154,16848,1457,4050,33509,2758,36267,3.02,7.2,138.4,0.924,https://hvaclogic.org/calculators/btu-calculator
ENV-0385,CZ-5,"Cold (Chicago/Denver)",0,88,72,70,75,1500,12000,R-21_2x6_24OC_Advanced,0.052,Single_Clear_Aluminum,1.05,0.72,1.2,13.2,25857,998,26855,5276,7862,185,2790,16113,824,16937,1.41,3,112.8,0.951,https://hvaclogic.org/calculators/btu-calculator
ENV-0386,CZ-5,"Cold (Chicago/Denver)",0,88,72,70,75,2500,21250,R-21_2x6_24OC_Advanced,0.052,Single_Clear_Aluminum,1.05,0.72,1.2,23.4,39785,1769,41554,8053,11981,329,3420,23783,1196,24979,2.08,5,140.4,0.952,https://hvaclogic.org/calculators/btu-calculator
ENV-0387,CZ-5,"Cold (Chicago/Denver)",0,88,72,70,75,3600,32400,R-21_2x6_24OC_Advanced,0.052,Single_Clear_Aluminum,1.05,0.72,1.2,35.6,55517,2691,58208,11154,16848,500,4050,32552,1603,34155,2.85,7.2,152.6,0.953,https://hvaclogic.org/calculators/btu-calculator
ENV-0388,CZ-5,"Cold (Chicago/Denver)",0,88,72,70,75,1500,12000,R-21_2x6_24OC_Advanced,0.052,Double_Clear_Metal,0.48,0.58,8.5,93.4,17478,7061,24539,3720,6334,1311,2790,14155,2182,16337,1.36,3,120.6,0.866,https://hvaclogic.org/calculators/btu-calculator
ENV-0389,CZ-5,"Cold (Chicago/Denver)",0,88,72,70,75,2500,21250,R-21_2x6_24OC_Advanced,0.052,Double_Clear_Metal,0.48,0.58,8.5,165.4,27017,12504,39521,5681,9651,2322,3420,21074,3602,24676,2.06,5,142.7,0.854,https://hvaclogic.org/calculators/btu-calculator
ENV-0390,CZ-5,"Cold (Chicago/Denver)",0,88,72,70,75,3600,32400,R-21_2x6_24OC_Advanced,0.052,Double_Clear_Metal,0.48,0.58,8.5,252.2,37562,19066,56628,7820,13572,3541,4050,28983,5272,34255,2.85,7.2,152.6,0.846,https://hvaclogic.org/calculators/btu-calculator
ENV-0391,CZ-5,"Cold (Chicago/Denver)",0,88,72,70,75,1500,12000,R-21_2x6_24OC_Advanced,0.052,Double_Clear_Metal,0.48,0.58,3.5,38.5,17478,2911,20389,3720,6334,541,2790,13385,1252,14637,1.22,3,145.9,0.914,https://hvaclogic.org/calculators/btu-calculator
ENV-0392,CZ-5,"Cold (Chicago/Denver)",0,88,72,70,75,2500,21250,R-21_2x6_24OC_Advanced,0.052,Double_Clear_Metal,0.48,0.58,3.5,68.1,27017,5148,32165,5681,9651,956,3420,19708,1954,21662,1.81,5,176.2,0.91,https://hvaclogic.org/calculators/btu-calculator
ENV-0393,CZ-5,"Cold (Chicago/Denver)",0,88,72,70,75,3600,32400,R-21_2x6_24OC_Advanced,0.052,Double_Clear_Metal,0.48,0.58,3.5,103.8,37562,7847,45409,7820,13572,1457,4050,26899,2758,29657,2.47,7.2,191.5,0.907,https://hvaclogic.org/calculators/btu-calculator
ENV-0394,CZ-5,"Cold (Chicago/Denver)",0,88,72,70,75,1500,12000,R-21_2x6_24OC_Advanced,0.052,Double_Clear_Metal,0.48,0.58,1.2,13.2,17478,998,18476,3720,6334,185,2790,13029,824,13853,1.15,3,160.9,0.941,https://hvaclogic.org/calculators/btu-calculator
ENV-0395,CZ-5,"Cold (Chicago/Denver)",0,88,72,70,75,2500,21250,R-21_2x6_24OC_Advanced,0.052,Double_Clear_Metal,0.48,0.58,1.2,23.4,27017,1769,28786,5681,9651,329,3420,19081,1196,20277,1.69,5,195.9,0.941,https://hvaclogic.org/calculators/btu-calculator
ENV-0396,CZ-5,"Cold (Chicago/Denver)",0,88,72,70,75,3600,32400,R-21_2x6_24OC_Advanced,0.052,Double_Clear_Metal,0.48,0.58,1.2,35.6,37562,2691,40253,7820,13572,500,4050,25942,1603,27545,2.3,7.2,213,0.942,https://hvaclogic.org/calculators/btu-calculator
ENV-0397,CZ-5,"Cold (Chicago/Denver)",0,88,72,70,75,1500,12000,R-21_2x6_24OC_Advanced,0.052,Double_LowE_Argon_Vinyl,0.28,0.24,8.5,93.4,14538,7061,21599,3174,2621,1311,2790,9896,2182,12078,1.01,3,197,0.819,https://hvaclogic.org/calculators/btu-calculator
ENV-0398,CZ-5,"Cold (Chicago/Denver)",0,88,72,70,75,2500,21250,R-21_2x6_24OC_Advanced,0.052,Double_LowE_Argon_Vinyl,0.28,0.24,8.5,165.4,22537,12504,35041,4849,3994,2322,3420,14585,3602,18187,1.52,5,228.9,0.802,https://hvaclogic.org/calculators/btu-calculator
ENV-0399,CZ-5,"Cold (Chicago/Denver)",0,88,72,70,75,3600,32400,R-21_2x6_24OC_Advanced,0.052,Double_LowE_Argon_Vinyl,0.28,0.24,8.5,252.2,31262,19066,50328,6650,5616,3541,4050,19857,5272,25129,2.09,7.2,244.5,0.79,https://hvaclogic.org/calculators/btu-calculator
ENV-0400,CZ-5,"Cold (Chicago/Denver)",0,88,72,70,75,1500,12000,R-21_2x6_24OC_Advanced,0.052,Double_LowE_Argon_Vinyl,0.28,0.24,3.5,38.5,14538,2911,17449,3174,2621,541,2790,9126,1252,10378,0.86,3,248.8,0.879,https://hvaclogic.org/calculators/btu-calculator
ENV-0401,CZ-5,"Cold (Chicago/Denver)",0,88,72,70,75,2500,21250,R-21_2x6_24OC_Advanced,0.052,Double_LowE_Argon_Vinyl,0.28,0.24,3.5,68.1,22537,5148,27685,4849,3994,956,3420,13219,1954,15173,1.26,5,296.8,0.871,https://hvaclogic.org/calculators/btu-calculator
ENV-0402,CZ-5,"Cold (Chicago/Denver)",0,88,72,70,75,3600,32400,R-21_2x6_24OC_Advanced,0.052,Double_LowE_Argon_Vinyl,0.28,0.24,3.5,103.8,31262,7847,39109,6650,5616,1457,4050,17773,2758,20531,1.71,7.2,321.1,0.866,https://hvaclogic.org/calculators/btu-calculator
ENV-0403,CZ-5,"Cold (Chicago/Denver)",0,88,72,70,75,1500,12000,R-21_2x6_24OC_Advanced,0.052,Double_LowE_Argon_Vinyl,0.28,0.24,1.2,13.2,14538,998,15536,3174,2621,185,2790,8770,824,9594,0.8,3,275,0.914,https://hvaclogic.org/calculators/btu-calculator
ENV-0404,CZ-5,"Cold (Chicago/Denver)",0,88,72,70,75,2500,21250,R-21_2x6_24OC_Advanced,0.052,Double_LowE_Argon_Vinyl,0.28,0.24,1.2,23.4,22537,1769,24306,4849,3994,329,3420,12592,1196,13788,1.15,5,334.8,0.913,https://hvaclogic.org/calculators/btu-calculator
ENV-0405,CZ-5,"Cold (Chicago/Denver)",0,88,72,70,75,3600,32400,R-21_2x6_24OC_Advanced,0.052,Double_LowE_Argon_Vinyl,0.28,0.24,1.2,35.6,31262,2691,33953,6650,5616,500,4050,16816,1603,18419,1.53,7.2,370.6,0.913,https://hvaclogic.org/calculators/btu-calculator
ENV-0406,CZ-5,"Cold (Chicago/Denver)",0,88,72,70,75,1500,12000,R-20+5ci_HighPerformance,0.04,Single_Clear_Aluminum,1.05,0.72,8.5,93.4,24857,7061,31918,4976,7862,1311,2790,16939,2182,19121,1.59,3,88.7,0.886,https://hvaclogic.org/calculators/btu-calculator
ENV-0407,CZ-5,"Cold (Chicago/Denver)",0,88,72,70,75,2500,21250,R-20+5ci_HighPerformance,0.04,Single_Clear_Aluminum,1.05,0.72,8.5,165.4,38374,12504,50878,7629,11981,2322,3420,25352,3602,28954,2.41,5,107.5,0.876,https://hvaclogic.org/calculators/btu-calculator
ENV-0408,CZ-5,"Cold (Chicago/Denver)",0,88,72,70,75,3600,32400,R-20+5ci_HighPerformance,0.04,Single_Clear_Aluminum,1.05,0.72,8.5,252.2,53711,19066,72777,10613,16848,3541,4050,35052,5272,40324,3.36,7.2,114.3,0.869,https://hvaclogic.org/calculators/btu-calculator
ENV-0409,CZ-5,"Cold (Chicago/Denver)",0,88,72,70,75,1500,12000,R-20+5ci_HighPerformance,0.04,Single_Clear_Aluminum,1.05,0.72,3.5,38.5,24857,2911,27768,4976,7862,541,2790,16169,1252,17421,1.45,3,106.9,0.928,https://hvaclogic.org/calculators/btu-calculator
ENV-0410,CZ-5,"Cold (Chicago/Denver)",0,88,72,70,75,2500,21250,R-20+5ci_HighPerformance,0.04,Single_Clear_Aluminum,1.05,0.72,3.5,68.1,38374,5148,43522,7629,11981,956,3420,23986,1954,25940,2.16,5,131.5,0.925,https://hvaclogic.org/calculators/btu-calculator
ENV-0411,CZ-5,"Cold (Chicago/Denver)",0,88,72,70,75,3600,32400,R-20+5ci_HighPerformance,0.04,Single_Clear_Aluminum,1.05,0.72,3.5,103.8,53711,7847,61558,10613,16848,1457,4050,32968,2758,35726,2.98,7.2,141.6,0.923,https://hvaclogic.org/calculators/btu-calculator
ENV-0412,CZ-5,"Cold (Chicago/Denver)",0,88,72,70,75,1500,12000,R-20+5ci_HighPerformance,0.04,Single_Clear_Aluminum,1.05,0.72,1.2,13.2,24857,998,25855,4976,7862,185,2790,15813,824,16637,1.39,3,115.8,0.95,https://hvaclogic.org/calculators/btu-calculator
ENV-0413,CZ-5,"Cold (Chicago/Denver)",0,88,72,70,75,2500,21250,R-20+5ci_HighPerformance,0.04,Single_Clear_Aluminum,1.05,0.72,1.2,23.4,38374,1769,40143,7629,11981,329,3420,23359,1196,24555,2.05,5,143.9,0.951,https://hvaclogic.org/calculators/btu-calculator
ENV-0414,CZ-5,"Cold (Chicago/Denver)",0,88,72,70,75,3600,32400,R-20+5ci_HighPerformance,0.04,Single_Clear_Aluminum,1.05,0.72,1.2,35.6,53711,2691,56402,10613,16848,500,4050,32011,1603,33614,2.8,7.2,157.1,0.952,https://hvaclogic.org/calculators/btu-calculator
ENV-0415,CZ-5,"Cold (Chicago/Denver)",0,88,72,70,75,1500,12000,R-20+5ci_HighPerformance,0.04,Double_Clear_Metal,0.48,0.58,8.5,93.4,16478,7061,23539,3420,6334,1311,2790,13855,2182,16037,1.34,3,123.9,0.864,https://hvaclogic.org/calculators/btu-calculator
ENV-0416,CZ-5,"Cold (Chicago/Denver)",0,88,72,70,75,2500,21250,R-20+5ci_HighPerformance,0.04,Double_Clear_Metal,0.48,0.58,8.5,165.4,25606,12504,38110,5258,9651,2322,3420,20651,3602,24253,2.02,5,147.5,0.851,https://hvaclogic.org/calculators/btu-calculator
ENV-0417,CZ-5,"Cold (Chicago/Denver)",0,88,72,70,75,3600,32400,R-20+5ci_HighPerformance,0.04,Double_Clear_Metal,0.48,0.58,8.5,252.2,35756,19066,54822,7278,13572,3541,4050,28441,5272,33713,2.81,7.2,156.2,0.844,https://hvaclogic.org/calculators/btu-calculator
ENV-0418,CZ-5,"Cold (Chicago/Denver)",0,88,72,70,75,1500,12000,R-20+5ci_HighPerformance,0.04,Double_Clear_Metal,0.48,0.58,3.5,38.5,16478,2911,19389,3420,6334,541,2790,13085,1252,14337,1.19,3,152.1,0.913,https://hvaclogic.org/calculators/btu-calculator
ENV-0419,CZ-5,"Cold (Chicago/Denver)",0,88,72,70,75,2500,21250,R-20+5ci_HighPerformance,0.04,Double_Clear_Metal,0.48,0.58,3.5,68.1,25606,5148,30754,5258,9651,956,3420,19285,1954,21239,1.77,5,182.5,0.908,https://hvaclogic.org/calculators/btu-calculator
ENV-0420,CZ-5,"Cold (Chicago/Denver)",0,88,72,70,75,3600,32400,R-20+5ci_HighPerformance,0.04,Double_Clear_Metal,0.48,0.58,3.5,103.8,35756,7847,43603,7278,13572,1457,4050,26357,2758,29115,2.43,7.2,196.3,0.905,https://hvaclogic.org/calculators/btu-calculator
ENV-0421,CZ-5,"Cold (Chicago/Denver)",0,88,72,70,75,1500,12000,R-20+5ci_HighPerformance,0.04,Double_Clear_Metal,0.48,0.58,1.2,13.2,16478,998,17476,3420,6334,185,2790,12729,824,13553,1.13,3,165.5,0.939,https://hvaclogic.org/calculators/btu-calculator
ENV-0422,CZ-5,"Cold (Chicago/Denver)",0,88,72,70,75,2500,21250,R-20+5ci_HighPerformance,0.04,Double_Clear_Metal,0.48,0.58,1.2,23.4,25606,1769,27375,5258,9651,329,3420,18658,1196,19854,1.65,5,203,0.94,https://hvaclogic.org/calculators/btu-calculator
ENV-0423,CZ-5,"Cold (Chicago/Denver)",0,88,72,70,75,3600,32400,R-20+5ci_HighPerformance,0.04,Double_Clear_Metal,0.48,0.58,1.2,35.6,35756,2691,38447,7278,13572,500,4050,25400,1603,27003,2.25,7.2,220,0.941,https://hvaclogic.org/calculators/btu-calculator
ENV-0424,CZ-5,"Cold (Chicago/Denver)",0,88,72,70,75,1500,12000,R-20+5ci_HighPerformance,0.04,Double_LowE_Argon_Vinyl,0.28,0.24,8.5,93.4,13538,7061,20599,2874,2621,1311,2790,9596,2182,11778,0.98,3,206.1,0.815,https://hvaclogic.org/calculators/btu-calculator
ENV-0425,CZ-5,"Cold (Chicago/Denver)",0,88,72,70,75,2500,21250,R-20+5ci_HighPerformance,0.04,Double_LowE_Argon_Vinyl,0.28,0.24,8.5,165.4,21126,12504,33630,4426,3994,2322,3420,14162,3602,17764,1.48,5,237.8,0.797,https://hvaclogic.org/calculators/btu-calculator
ENV-0426,CZ-5,"Cold (Chicago/Denver)",0,88,72,70,75,3600,32400,R-20+5ci_HighPerformance,0.04,Double_LowE_Argon_Vinyl,0.28,0.24,8.5,252.2,29456,19066,48522,6108,5616,3541,4050,19315,5272,24587,2.05,7.2,251.2,0.786,https://hvaclogic.org/calculators/btu-calculator
ENV-0427,CZ-5,"Cold (Chicago/Denver)",0,88,72,70,75,1500,12000,R-20+5ci_HighPerformance,0.04,Double_LowE_Argon_Vinyl,0.28,0.24,3.5,38.5,13538,2911,16449,2874,2621,541,2790,8826,1252,10078,0.84,3,257.1,0.876,https://hvaclogic.org/calculators/btu-calculator
ENV-0428,CZ-5,"Cold (Chicago/Denver)",0,88,72,70,75,2500,21250,R-20+5ci_HighPerformance,0.04,Double_LowE_Argon_Vinyl,0.28,0.24,3.5,68.1,21126,5148,26274,4426,3994,956,3420,12796,1954,14750,1.23,5,306.5,0.868,https://hvaclogic.org/calculators/btu-calculator
ENV-0429,CZ-5,"Cold (Chicago/Denver)",0,88,72,70,75,3600,32400,R-20+5ci_HighPerformance,0.04,Double_LowE_Argon_Vinyl,0.28,0.24,3.5,103.8,29456,7847,37303,6108,5616,1457,4050,17231,2758,19989,1.67,7.2,331.1,0.862,https://hvaclogic.org/calculators/btu-calculator
ENV-0430,CZ-5,"Cold (Chicago/Denver)",0,88,72,70,75,1500,12000,R-20+5ci_HighPerformance,0.04,Double_LowE_Argon_Vinyl,0.28,0.24,1.2,13.2,13538,998,14536,2874,2621,185,2790,8470,824,9294,0.77,3,289.6,0.911,https://hvaclogic.org/calculators/btu-calculator
ENV-0431,CZ-5,"Cold (Chicago/Denver)",0,88,72,70,75,2500,21250,R-20+5ci_HighPerformance,0.04,Double_LowE_Argon_Vinyl,0.28,0.24,1.2,23.4,21126,1769,22895,4426,3994,329,3420,12169,1196,13365,1.11,5,350.5,0.911,https://hvaclogic.org/calculators/btu-calculator
ENV-0432,CZ-5,"Cold (Chicago/Denver)",0,88,72,70,75,3600,32400,R-20+5ci_HighPerformance,0.04,Double_LowE_Argon_Vinyl,0.28,0.24,1.2,35.6,29456,2691,32147,6108,5616,500,4050,16274,1603,17877,1.49,7.2,383.2,0.91,https://hvaclogic.org/calculators/btu-calculator
ENV-0433,CZ-6,"Very Cold (Minneapolis/Helena)",-15,86,70,70,75,1500,12000,R-11_2x4_16OC_Legacy,0.106,Single_Clear_Aluminum,1.05,0.72,8.5,93.4,36859,8574,45433,5872,7862,1110,2790,17634,1730,19364,1.61,3,86.3,0.911,https://hvaclogic.org/calculators/btu-calculator
ENV-0434,CZ-6,"Very Cold (Minneapolis/Helena)",-15,86,70,70,75,2500,21250,R-11_2x4_16OC_Legacy,0.106,Single_Clear_Aluminum,1.05,0.72,8.5,165.4,56022,15184,71206,8830,11981,1965,3420,26196,2801,28997,2.42,5,106.6,0.903,https://hvaclogic.org/calculators/btu-calculator
ENV-0435,CZ-6,"Very Cold (Minneapolis/Helena)",-15,86,70,70,75,3600,32400,R-11_2x4_16OC_Legacy,0.106,Single_Clear_Aluminum,1.05,0.72,8.5,252.2,77282,23152,100434,12048,16848,2996,4050,35942,4052,39994,3.33,7.2,116.2,0.899,https://hvaclogic.org/calculators/btu-calculator
ENV-0436,CZ-6,"Very Cold (Minneapolis/Helena)",-15,86,70,70,75,1500,12000,R-11_2x4_16OC_Legacy,0.106,Single_Clear_Aluminum,1.05,0.72,3.5,38.5,36859,3534,40393,5872,7862,457,2790,16981,1066,18047,1.5,3,100,0.941,https://hvaclogic.org/calculators/btu-calculator
ENV-0437,CZ-6,"Very Cold (Minneapolis/Helena)",-15,86,70,70,75,2500,21250,R-11_2x4_16OC_Legacy,0.106,Single_Clear_Aluminum,1.05,0.72,3.5,68.1,56022,6252,62274,8830,11981,809,3420,25040,1624,26664,2.22,5,125.2,0.939,https://hvaclogic.org/calculators/btu-calculator
ENV-0438,CZ-6,"Very Cold (Minneapolis/Helena)",-15,86,70,70,75,3600,32400,R-11_2x4_16OC_Legacy,0.106,Single_Clear_Aluminum,1.05,0.72,3.5,103.8,77282,9529,86811,12048,16848,1233,4050,34179,2256,36435,3.04,7.2,136.8,0.938,https://hvaclogic.org/calculators/btu-calculator
ENV-0439,CZ-6,"Very Cold (Minneapolis/Helena)",-15,86,70,70,75,1500,12000,R-11_2x4_16OC_Legacy,0.106,Single_Clear_Aluminum,1.05,0.72,1.2,13.2,36859,1212,38071,5872,7862,157,2790,16681,760,17441,1.45,3,106.9,0.956,https://hvaclogic.org/calculators/btu-calculator
ENV-0440,CZ-6,"Very Cold (Minneapolis/Helena)",-15,86,70,70,75,2500,21250,R-11_2x4_16OC_Legacy,0.106,Single_Clear_Aluminum,1.05,0.72,1.2,23.4,56022,2148,58170,8830,11981,278,3420,24509,1083,25592,2.13,5,134.7,0.958,https://hvaclogic.org/calculators/btu-calculator
ENV-0441,CZ-6,"Very Cold (Minneapolis/Helena)",-15,86,70,70,75,3600,32400,R-11_2x4_16OC_Legacy,0.106,Single_Clear_Aluminum,1.05,0.72,1.2,35.6,77282,3268,80550,12048,16848,423,4050,33369,1431,34800,2.9,7.2,148.3,0.959,https://hvaclogic.org/calculators/btu-calculator
ENV-0442,CZ-6,"Very Cold (Minneapolis/Helena)",-15,86,70,70,75,1500,12000,R-11_2x4_16OC_Legacy,0.106,Double_Clear_Metal,0.48,0.58,8.5,93.4,26685,8574,35259,4555,6334,1110,2790,14789,1730,16519,1.38,3,117.4,0.895,https://hvaclogic.org/calculators/btu-calculator
ENV-0443,CZ-6,"Very Cold (Minneapolis/Helena)",-15,86,70,70,75,2500,21250,R-11_2x4_16OC_Legacy,0.106,Double_Clear_Metal,0.48,0.58,8.5,165.4,40518,15184,55702,6823,9651,1965,3420,21859,2801,24660,2.06,5,142.7,0.886,https://hvaclogic.org/calculators/btu-calculator
ENV-0444,CZ-6,"Very Cold (Minneapolis/Helena)",-15,86,70,70,75,3600,32400,R-11_2x4_16OC_Legacy,0.106,Double_Clear_Metal,0.48,0.58,8.5,252.2,55480,23152,78632,9226,13572,2996,4050,29844,4052,33896,2.82,7.2,155.3,0.88,https://hvaclogic.org/calculators/btu-calculator
ENV-0445,CZ-6,"Very Cold (Minneapolis/Helena)",-15,86,70,70,75,1500,12000,R-11_2x4_16OC_Legacy,0.106,Double_Clear_Metal,0.48,0.58,3.5,38.5,26685,3534,30219,4555,6334,457,2790,14136,1066,15202,1.27,3,136.2,0.93,https://hvaclogic.org/calculators/btu-calculator
ENV-0446,CZ-6,"Very Cold (Minneapolis/Helena)",-15,86,70,70,75,2500,21250,R-11_2x4_16OC_Legacy,0.106,Double_Clear_Metal,0.48,0.58,3.5,68.1,40518,6252,46770,6823,9651,809,3420,20703,1624,22327,1.86,5,168.8,0.927,https://hvaclogic.org/calculators/btu-calculator
ENV-0447,CZ-6,"Very Cold (Minneapolis/Helena)",-15,86,70,70,75,3600,32400,R-11_2x4_16OC_Legacy,0.106,Double_Clear_Metal,0.48,0.58,3.5,103.8,55480,9529,65009,9226,13572,1233,4050,28081,2256,30337,2.53,7.2,184.6,0.926,https://hvaclogic.org/calculators/btu-calculator
ENV-0448,CZ-6,"Very Cold (Minneapolis/Helena)",-15,86,70,70,75,1500,12000,R-11_2x4_16OC_Legacy,0.106,Double_Clear_Metal,0.48,0.58,1.2,13.2,26685,1212,27897,4555,6334,157,2790,13836,760,14596,1.22,3,145.9,0.948,https://hvaclogic.org/calculators/btu-calculator
ENV-0449,CZ-6,"Very Cold (Minneapolis/Helena)",-15,86,70,70,75,2500,21250,R-11_2x4_16OC_Legacy,0.106,Double_Clear_Metal,0.48,0.58,1.2,23.4,40518,2148,42666,6823,9651,278,3420,20172,1083,21255,1.77,5,182.5,0.949,https://hvaclogic.org/calculators/btu-calculator
ENV-0450,CZ-6,"Very Cold (Minneapolis/Helena)",-15,86,70,70,75,3600,32400,R-11_2x4_16OC_Legacy,0.106,Double_Clear_Metal,0.48,0.58,1.2,35.6,55480,3268,58748,9226,13572,423,4050,27271,1431,28702,2.39,7.2,201.3,0.95,https://hvaclogic.org/calculators/btu-calculator
ENV-0451,CZ-6,"Very Cold (Minneapolis/Helena)",-15,86,70,70,75,1500,12000,R-11_2x4_16OC_Legacy,0.106,Double_LowE_Argon_Vinyl,0.28,0.24,8.5,93.4,23115,8574,31689,4093,2621,1110,2790,10614,1730,12344,1.03,3,191.3,0.86,https://hvaclogic.org/calculators/btu-calculator
ENV-0452,CZ-6,"Very Cold (Minneapolis/Helena)",-15,86,70,70,75,2500,21250,R-11_2x4_16OC_Legacy,0.106,Double_LowE_Argon_Vinyl,0.28,0.24,8.5,165.4,35078,15184,50262,6119,3994,1965,3420,15498,2801,18299,1.52,5,228.9,0.847,https://hvaclogic.org/calculators/btu-calculator
ENV-0453,CZ-6,"Very Cold (Minneapolis/Helena)",-15,86,70,70,75,3600,32400,R-11_2x4_16OC_Legacy,0.106,Double_LowE_Argon_Vinyl,0.28,0.24,8.5,252.2,47830,23152,70982,8236,5616,2996,4050,20898,4052,24950,2.08,7.2,246.2,0.838,https://hvaclogic.org/calculators/btu-calculator
ENV-0454,CZ-6,"Very Cold (Minneapolis/Helena)",-15,86,70,70,75,1500,12000,R-11_2x4_16OC_Legacy,0.106,Double_LowE_Argon_Vinyl,0.28,0.24,3.5,38.5,23115,3534,26649,4093,2621,457,2790,9961,1066,11027,0.92,3,226.1,0.903,https://hvaclogic.org/calculators/btu-calculator
ENV-0455,CZ-6,"Very Cold (Minneapolis/Helena)",-15,86,70,70,75,2500,21250,R-11_2x4_16OC_Legacy,0.106,Double_LowE_Argon_Vinyl,0.28,0.24,3.5,68.1,35078,6252,41330,6119,3994,809,3420,14342,1624,15966,1.33,5,275.9,0.898,https://hvaclogic.org/calculators/btu-calculator
ENV-0456,CZ-6,"Very Cold (Minneapolis/Helena)",-15,86,70,70,75,3600,32400,R-11_2x4_16OC_Legacy,0.106,Double_LowE_Argon_Vinyl,0.28,0.24,3.5,103.8,47830,9529,57359,8236,5616,1233,4050,19135,2256,21391,1.78,7.2,304.5,0.895,https://hvaclogic.org/calculators/btu-calculator
ENV-0457,CZ-6,"Very Cold (Minneapolis/Helena)",-15,86,70,70,75,1500,12000,R-11_2x4_16OC_Legacy,0.106,Double_LowE_Argon_Vinyl,0.28,0.24,1.2,13.2,23115,1212,24327,4093,2621,157,2790,9661,760,10421,0.87,3,244.8,0.927,https://hvaclogic.org/calculators/btu-calculator
ENV-0458,CZ-6,"Very Cold (Minneapolis/Helena)",-15,86,70,70,75,2500,21250,R-11_2x4_16OC_Legacy,0.106,Double_LowE_Argon_Vinyl,0.28,0.24,1.2,23.4,35078,2148,37226,6119,3994,278,3420,13811,1083,14894,1.24,5,303.2,0.927,https://hvaclogic.org/calculators/btu-calculator
ENV-0459,CZ-6,"Very Cold (Minneapolis/Helena)",-15,86,70,70,75,3600,32400,R-11_2x4_16OC_Legacy,0.106,Double_LowE_Argon_Vinyl,0.28,0.24,1.2,35.6,47830,3268,51098,8236,5616,423,4050,18325,1431,19756,1.65,7.2,336.4,0.928,https://hvaclogic.org/calculators/btu-calculator
ENV-0460,CZ-6,"Very Cold (Minneapolis/Helena)",-15,86,70,70,75,1500,12000,R-19_2x6_16OC_Standard,0.063,Single_Clear_Aluminum,1.05,0.72,8.5,93.4,32510,8574,41084,4900,7862,1110,2790,16662,1730,18392,1.53,3,96.1,0.906,https://hvaclogic.org/calculators/btu-calculator
ENV-0461,CZ-6,"Very Cold (Minneapolis/Helena)",-15,86,70,70,75,2500,21250,R-19_2x6_16OC_Standard,0.063,Single_Clear_Aluminum,1.05,0.72,8.5,165.4,49881,15184,65065,7457,11981,1965,3420,24823,2801,27624,2.3,5,117.4,0.899,https://hvaclogic.org/calculators/btu-calculator
ENV-0462,CZ-6,"Very Cold (Minneapolis/Helena)",-15,86,70,70,75,3600,32400,R-19_2x6_16OC_Standard,0.063,Single_Clear_Aluminum,1.05,0.72,8.5,252.2,69424,23152,92576,10291,16848,2996,4050,34185,4052,38237,3.19,7.2,125.7,0.894,https://hvaclogic.org/calculators/btu-calculator
ENV-0463,CZ-6,"Very Cold (Minneapolis/Helena)",-15,86,70,70,75,1500,12000,R-19_2x6_16OC_Standard,0.063,Single_Clear_Aluminum,1.05,0.72,3.5,38.5,32510,3534,36044,4900,7862,457,2790,16009,1066,17075,1.42,3,111.3,0.938,https://hvaclogic.org/calculators/btu-calculator
ENV-0464,CZ-6,"Very Cold (Minneapolis/Helena)",-15,86,70,70,75,2500,21250,R-19_2x6_16OC_Standard,0.063,Single_Clear_Aluminum,1.05,0.72,3.5,68.1,49881,6252,56133,7457,11981,809,3420,23667,1624,25291,2.11,5,137,0.936,https://hvaclogic.org/calculators/btu-calculator
ENV-0465,CZ-6,"Very Cold (Minneapolis/Helena)",-15,86,70,70,75,3600,32400,R-19_2x6_16OC_Standard,0.063,Single_Clear_Aluminum,1.05,0.72,3.5,103.8,69424,9529,78953,10291,16848,1233,4050,32422,2256,34678,2.89,7.2,149.1,0.935,https://hvaclogic.org/calculators/btu-calculator
ENV-0466,CZ-6,"Very Cold (Minneapolis/Helena)",-15,86,70,70,75,1500,12000,R-19_2x6_16OC_Standard,0.063,Single_Clear_Aluminum,1.05,0.72,1.2,13.2,32510,1212,33722,4900,7862,157,2790,15709,760,16469,1.37,3,119,0.954,https://hvaclogic.org/calculators/btu-calculator
ENV-0467,CZ-6,"Very Cold (Minneapolis/Helena)",-15,86,70,70,75,2500,21250,R-19_2x6_16OC_Standard,0.063,Single_Clear_Aluminum,1.05,0.72,1.2,23.4,49881,2148,52029,7457,11981,278,3420,23136,1083,24219,2.02,5,147.5,0.955,https://hvaclogic.org/calculators/btu-calculator
ENV-0468,CZ-6,"Very Cold (Minneapolis/Helena)",-15,86,70,70,75,3600,32400,R-19_2x6_16OC_Standard,0.063,Single_Clear_Aluminum,1.05,0.72,1.2,35.6,69424,3268,72692,10291,16848,423,4050,31612,1431,33043,2.75,7.2,161.8,0.957,https://hvaclogic.org/calculators/btu-calculator
ENV-0469,CZ-6,"Very Cold (Minneapolis/Helena)",-15,86,70,70,75,1500,12000,R-19_2x6_16OC_Standard,0.063,Double_Clear_Metal,0.48,0.58,8.5,93.4,22335,8574,30909,3583,6334,1110,2790,13817,1730,15547,1.3,3,130.8,0.889,https://hvaclogic.org/calculators/btu-calculator
ENV-0470,CZ-6,"Very Cold (Minneapolis/Helena)",-15,86,70,70,75,2500,21250,R-19_2x6_16OC_Standard,0.063,Double_Clear_Metal,0.48,0.58,8.5,165.4,34377,15184,49561,5451,9651,1965,3420,20487,2801,23288,1.94,5,157.7,0.88,https://hvaclogic.org/calculators/btu-calculator
ENV-0471,CZ-6,"Very Cold (Minneapolis/Helena)",-15,86,70,70,75,3600,32400,R-19_2x6_16OC_Standard,0.063,Double_Clear_Metal,0.48,0.58,8.5,252.2,47621,23152,70773,7470,13572,2996,4050,28088,4052,32140,2.68,7.2,168.7,0.874,https://hvaclogic.org/calculators/btu-calculator
ENV-0472,CZ-6,"Very Cold (Minneapolis/Helena)",-15,86,70,70,75,1500,12000,R-19_2x6_16OC_Standard,0.063,Double_Clear_Metal,0.48,0.58,3.5,38.5,22335,3534,25869,3583,6334,457,2790,13164,1066,14230,1.19,3,152.1,0.925,https://hvaclogic.org/calculators/btu-calculator
ENV-0473,CZ-6,"Very Cold (Minneapolis/Helena)",-15,86,70,70,75,2500,21250,R-19_2x6_16OC_Standard,0.063,Double_Clear_Metal,0.48,0.58,3.5,68.1,34377,6252,40629,5451,9651,809,3420,19331,1624,20955,1.75,5,185.7,0.923,https://hvaclogic.org/calculators/btu-calculator
ENV-0474,CZ-6,"Very Cold (Minneapolis/Helena)",-15,86,70,70,75,3600,32400,R-19_2x6_16OC_Standard,0.063,Double_Clear_Metal,0.48,0.58,3.5,103.8,47621,9529,57150,7470,13572,1233,4050,26325,2256,28581,2.38,7.2,202.5,0.921,https://hvaclogic.org/calculators/btu-calculator
ENV-0475,CZ-6,"Very Cold (Minneapolis/Helena)",-15,86,70,70,75,1500,12000,R-19_2x6_16OC_Standard,0.063,Double_Clear_Metal,0.48,0.58,1.2,13.2,22335,1212,23547,3583,6334,157,2790,12864,760,13624,1.14,3,163.2,0.944,https://hvaclogic.org/calculators/btu-calculator
ENV-0476,CZ-6,"Very Cold (Minneapolis/Helena)",-15,86,70,70,75,2500,21250,R-19_2x6_16OC_Standard,0.063,Double_Clear_Metal,0.48,0.58,1.2,23.4,34377,2148,36525,5451,9651,278,3420,18800,1083,19883,1.66,5,201.2,0.946,https://hvaclogic.org/calculators/btu-calculator
ENV-0477,CZ-6,"Very Cold (Minneapolis/Helena)",-15,86,70,70,75,3600,32400,R-19_2x6_16OC_Standard,0.063,Double_Clear_Metal,0.48,0.58,1.2,35.6,47621,3268,50889,7470,13572,423,4050,25515,1431,26946,2.25,7.2,220,0.947,https://hvaclogic.org/calculators/btu-calculator
ENV-0478,CZ-6,"Very Cold (Minneapolis/Helena)",-15,86,70,70,75,1500,12000,R-19_2x6_16OC_Standard,0.063,Double_LowE_Argon_Vinyl,0.28,0.24,8.5,93.4,18765,8574,27339,3121,2621,1110,2790,9642,1730,11372,0.95,3,215.8,0.848,https://hvaclogic.org/calculators/btu-calculator
ENV-0479,CZ-6,"Very Cold (Minneapolis/Helena)",-15,86,70,70,75,2500,21250,R-19_2x6_16OC_Standard,0.063,Double_LowE_Argon_Vinyl,0.28,0.24,8.5,165.4,28937,15184,44121,4747,3994,1965,3420,14126,2801,16927,1.41,5,254.6,0.835,https://hvaclogic.org/calculators/btu-calculator
ENV-0480,CZ-6,"Very Cold (Minneapolis/Helena)",-15,86,70,70,75,3600,32400,R-19_2x6_16OC_Standard,0.063,Double_LowE_Argon_Vinyl,0.28,0.24,8.5,252.2,39971,23152,63123,6480,5616,2996,4050,19142,4052,23194,1.93,7.2,273.1,0.825,https://hvaclogic.org/calculators/btu-calculator
ENV-0481,CZ-6,"Very Cold (Minneapolis/Helena)",-15,86,70,70,75,1500,12000,R-19_2x6_16OC_Standard,0.063,Double_LowE_Argon_Vinyl,0.28,0.24,3.5,38.5,18765,3534,22299,3121,2621,457,2790,8989,1066,10055,0.84,3,257.1,0.894,https://hvaclogic.org/calculators/btu-calculator
ENV-0482,CZ-6,"Very Cold (Minneapolis/Helena)",-15,86,70,70,75,2500,21250,R-19_2x6_16OC_Standard,0.063,Double_LowE_Argon_Vinyl,0.28,0.24,3.5,68.1,28937,6252,35189,4747,3994,809,3420,12970,1624,14594,1.22,5,309.8,0.889,https://hvaclogic.org/calculators/btu-calculator
ENV-0483,CZ-6,"Very Cold (Minneapolis/Helena)",-15,86,70,70,75,3600,32400,R-19_2x6_16OC_Standard,0.063,Double_LowE_Argon_Vinyl,0.28,0.24,3.5,103.8,39971,9529,49500,6480,5616,1233,4050,17379,2256,19635,1.64,7.2,339,0.885,https://hvaclogic.org/calculators/btu-calculator
ENV-0484,CZ-6,"Very Cold (Minneapolis/Helena)",-15,86,70,70,75,1500,12000,R-19_2x6_16OC_Standard,0.063,Double_LowE_Argon_Vinyl,0.28,0.24,1.2,13.2,18765,1212,19977,3121,2621,157,2790,8689,760,9449,0.79,3,279.7,0.92,https://hvaclogic.org/calculators/btu-calculator
ENV-0485,CZ-6,"Very Cold (Minneapolis/Helena)",-15,86,70,70,75,2500,21250,R-19_2x6_16OC_Standard,0.063,Double_LowE_Argon_Vinyl,0.28,0.24,1.2,23.4,28937,2148,31085,4747,3994,278,3420,12439,1083,13522,1.13,5,342.5,0.92,https://hvaclogic.org/calculators/btu-calculator
ENV-0486,CZ-6,"Very Cold (Minneapolis/Helena)",-15,86,70,70,75,3600,32400,R-19_2x6_16OC_Standard,0.063,Double_LowE_Argon_Vinyl,0.28,0.24,1.2,35.6,39971,3268,43239,6480,5616,423,4050,16569,1431,18000,1.5,7.2,380,0.92,https://hvaclogic.org/calculators/btu-calculator
ENV-0487,CZ-6,"Very Cold (Minneapolis/Helena)",-15,86,70,70,75,1500,12000,R-21_2x6_24OC_Advanced,0.052,Single_Clear_Aluminum,1.05,0.72,8.5,93.4,31397,8574,39971,4651,7862,1110,2790,16413,1730,18143,1.51,3,98.7,0.905,https://hvaclogic.org/calculators/btu-calculator
ENV-0488,CZ-6,"Very Cold (Minneapolis/Helena)",-15,86,70,70,75,2500,21250,R-21_2x6_24OC_Advanced,0.052,Single_Clear_Aluminum,1.05,0.72,8.5,165.4,48311,15184,63495,7106,11981,1965,3420,24472,2801,27273,2.27,5,120.3,0.897,https://hvaclogic.org/calculators/btu-calculator
ENV-0489,CZ-6,"Very Cold (Minneapolis/Helena)",-15,86,70,70,75,3600,32400,R-21_2x6_24OC_Advanced,0.052,Single_Clear_Aluminum,1.05,0.72,8.5,252.2,67414,23152,90566,9842,16848,2996,4050,33736,4052,37788,3.15,7.2,128.6,0.893,https://hvaclogic.org/calculators/btu-calculator
ENV-0490,CZ-6,"Very Cold (Minneapolis/Helena)",-15,86,70,70,75,1500,12000,R-21_2x6_24OC_Advanced,0.052,Single_Clear_Aluminum,1.05,0.72,3.5,38.5,31397,3534,34931,4651,7862,457,2790,15760,1066,16826,1.4,3,114.3,0.937,https://hvaclogic.org/calculators/btu-calculator
ENV-0491,CZ-6,"Very Cold (Minneapolis/Helena)",-15,86,70,70,75,2500,21250,R-21_2x6_24OC_Advanced,0.052,Single_Clear_Aluminum,1.05,0.72,3.5,68.1,48311,6252,54563,7106,11981,809,3420,23316,1624,24940,2.08,5,140.4,0.935,https://hvaclogic.org/calculators/btu-calculator
ENV-0492,CZ-6,"Very Cold (Minneapolis/Helena)",-15,86,70,70,75,3600,32400,R-21_2x6_24OC_Advanced,0.052,Single_Clear_Aluminum,1.05,0.72,3.5,103.8,67414,9529,76943,9842,16848,1233,4050,31973,2256,34229,2.85,7.2,152.6,0.934,https://hvaclogic.org/calculators/btu-calculator
ENV-0493,CZ-6,"Very Cold (Minneapolis/Helena)",-15,86,70,70,75,1500,12000,R-21_2x6_24OC_Advanced,0.052,Single_Clear_Aluminum,1.05,0.72,1.2,13.2,31397,1212,32609,4651,7862,157,2790,15460,760,16220,1.35,3,122.2,0.953,https://hvaclogic.org/calculators/btu-calculator
ENV-0494,CZ-6,"Very Cold (Minneapolis/Helena)",-15,86,70,70,75,2500,21250,R-21_2x6_24OC_Advanced,0.052,Single_Clear_Aluminum,1.05,0.72,1.2,23.4,48311,2148,50459,7106,11981,278,3420,22785,1083,23868,1.99,5,151.3,0.955,https://hvaclogic.org/calculators/btu-calculator
ENV-0495,CZ-6,"Very Cold (Minneapolis/Helena)",-15,86,70,70,75,3600,32400,R-21_2x6_24OC_Advanced,0.052,Single_Clear_Aluminum,1.05,0.72,1.2,35.6,67414,3268,70682,9842,16848,423,4050,31163,1431,32594,2.72,7.2,164.7,0.956,https://hvaclogic.org/calculators/btu-calculator
ENV-0496,CZ-6,"Very Cold (Minneapolis/Helena)",-15,86,70,70,75,1500,12000,R-21_2x6_24OC_Advanced,0.052,Double_Clear_Metal,0.48,0.58,8.5,93.4,21223,8574,29797,3335,6334,1110,2790,13569,1730,15299,1.27,3,136.2,0.887,https://hvaclogic.org/calculators/btu-calculator
ENV-0497,CZ-6,"Very Cold (Minneapolis/Helena)",-15,86,70,70,75,2500,21250,R-21_2x6_24OC_Advanced,0.052,Double_Clear_Metal,0.48,0.58,8.5,165.4,32807,15184,47991,5099,9651,1965,3420,20135,2801,22936,1.91,5,161.8,0.878,https://hvaclogic.org/calculators/btu-calculator
ENV-0498,CZ-6,"Very Cold (Minneapolis/Helena)",-15,86,70,70,75,3600,32400,R-21_2x6_24OC_Advanced,0.052,Double_Clear_Metal,0.48,0.58,8.5,252.2,45611,23152,68763,7020,13572,2996,4050,27638,4052,31690,2.64,7.2,172.7,0.872,https://hvaclogic.org/calculators/btu-calculator
ENV-0499,CZ-6,"Very Cold (Minneapolis/Helena)",-15,86,70,70,75,1500,12000,R-21_2x6_24OC_Advanced,0.052,Double_Clear_Metal,0.48,0.58,3.5,38.5,21223,3534,24757,3335,6334,457,2790,12916,1066,13982,1.17,3,156.4,0.924,https://hvaclogic.org/calculators/btu-calculator
ENV-0500,CZ-6,"Very Cold (Minneapolis/Helena)",-15,86,70,70,75,2500,21250,R-21_2x6_24OC_Advanced,0.052,Double_Clear_Metal,0.48,0.58,3.5,68.1,32807,6252,39059,5099,9651,809,3420,18979,1624,20603,1.72,5,190.7,0.921,https://hvaclogic.org/calculators/btu-calculator
ENV-0501,CZ-6,"Very Cold (Minneapolis/Helena)",-15,86,70,70,75,3600,32400,R-21_2x6_24OC_Advanced,0.052,Double_Clear_Metal,0.48,0.58,3.5,103.8,45611,9529,55140,7020,13572,1233,4050,25875,2256,28131,2.34,7.2,207.7,0.92,https://hvaclogic.org/calculators/btu-calculator
ENV-0502,CZ-6,"Very Cold (Minneapolis/Helena)",-15,86,70,70,75,1500,12000,R-21_2x6_24OC_Advanced,0.052,Double_Clear_Metal,0.48,0.58,1.2,13.2,21223,1212,22435,3335,6334,157,2790,12616,760,13376,1.11,3,170.3,0.943,https://hvaclogic.org/calculators/btu-calculator
ENV-0503,CZ-6,"Very Cold (Minneapolis/Helena)",-15,86,70,70,75,2500,21250,R-21_2x6_24OC_Advanced,0.052,Double_Clear_Metal,0.48,0.58,1.2,23.4,32807,2148,34955,5099,9651,278,3420,18448,1083,19531,1.63,5,206.7,0.945,https://hvaclogic.org/calculators/btu-calculator
ENV-0504,CZ-6,"Very Cold (Minneapolis/Helena)",-15,86,70,70,75,3600,32400,R-21_2x6_24OC_Advanced,0.052,Double_Clear_Metal,0.48,0.58,1.2,35.6,45611,3268,48879,7020,13572,423,4050,25065,1431,26496,2.21,7.2,225.8,0.946,https://hvaclogic.org/calculators/btu-calculator
ENV-0505,CZ-6,"Very Cold (Minneapolis/Helena)",-15,86,70,70,75,1500,12000,R-21_2x6_24OC_Advanced,0.052,Double_LowE_Argon_Vinyl,0.28,0.24,8.5,93.4,17653,8574,26227,2873,2621,1110,2790,9394,1730,11124,0.93,3,222.6,0.844,https://hvaclogic.org/calculators/btu-calculator
ENV-0506,CZ-6,"Very Cold (Minneapolis/Helena)",-15,86,70,70,75,2500,21250,R-21_2x6_24OC_Advanced,0.052,Double_LowE_Argon_Vinyl,0.28,0.24,8.5,165.4,27367,15184,42551,4395,3994,1965,3420,13774,2801,16575,1.38,5,262.3,0.831,https://hvaclogic.org/calculators/btu-calculator
ENV-0507,CZ-6,"Very Cold (Minneapolis/Helena)",-15,86,70,70,75,3600,32400,R-21_2x6_24OC_Advanced,0.052,Double_LowE_Argon_Vinyl,0.28,0.24,8.5,252.2,37961,23152,61113,6030,5616,2996,4050,18692,4052,22744,1.9,7.2,278.9,0.822,https://hvaclogic.org/calculators/btu-calculator
ENV-0508,CZ-6,"Very Cold (Minneapolis/Helena)",-15,86,70,70,75,1500,12000,R-21_2x6_24OC_Advanced,0.052,Double_LowE_Argon_Vinyl,0.28,0.24,3.5,38.5,17653,3534,21187,2873,2621,457,2790,8741,1066,9807,0.82,3,265.9,0.891,https://hvaclogic.org/calculators/btu-calculator
ENV-0509,CZ-6,"Very Cold (Minneapolis/Helena)",-15,86,70,70,75,2500,21250,R-21_2x6_24OC_Advanced,0.052,Double_LowE_Argon_Vinyl,0.28,0.24,3.5,68.1,27367,6252,33619,4395,3994,809,3420,12618,1624,14242,1.19,5,320.2,0.886,https://hvaclogic.org/calculators/btu-calculator
ENV-0510,CZ-6,"Very Cold (Minneapolis/Helena)",-15,86,70,70,75,3600,32400,R-21_2x6_24OC_Advanced,0.052,Double_LowE_Argon_Vinyl,0.28,0.24,3.5,103.8,37961,9529,47490,6030,5616,1233,4050,16929,2256,19185,1.6,7.2,350,0.882,https://hvaclogic.org/calculators/btu-calculator
ENV-0511,CZ-6,"Very Cold (Minneapolis/Helena)",-15,86,70,70,75,1500,12000,R-21_2x6_24OC_Advanced,0.052,Double_LowE_Argon_Vinyl,0.28,0.24,1.2,13.2,17653,1212,18865,2873,2621,157,2790,8441,760,9201,0.77,3,289.6,0.917,https://hvaclogic.org/calculators/btu-calculator
ENV-0512,CZ-6,"Very Cold (Minneapolis/Helena)",-15,86,70,70,75,2500,21250,R-21_2x6_24OC_Advanced,0.052,Double_LowE_Argon_Vinyl,0.28,0.24,1.2,23.4,27367,2148,29515,4395,3994,278,3420,12087,1083,13170,1.1,5,354.5,0.918,https://hvaclogic.org/calculators/btu-calculator
ENV-0513,CZ-6,"Very Cold (Minneapolis/Helena)",-15,86,70,70,75,3600,32400,R-21_2x6_24OC_Advanced,0.052,Double_LowE_Argon_Vinyl,0.28,0.24,1.2,35.6,37961,3268,41229,6030,5616,423,4050,16119,1431,17550,1.46,7.2,393.2,0.918,https://hvaclogic.org/calculators/btu-calculator
ENV-0514,CZ-6,"Very Cold (Minneapolis/Helena)",-15,86,70,70,75,1500,12000,R-20+5ci_HighPerformance,0.04,Single_Clear_Aluminum,1.05,0.72,8.5,93.4,30184,8574,38758,4380,7862,1110,2790,16142,1730,17872,1.49,3,101.3,0.903,https://hvaclogic.org/calculators/btu-calculator
ENV-0515,CZ-6,"Very Cold (Minneapolis/Helena)",-15,86,70,70,75,2500,21250,R-20+5ci_HighPerformance,0.04,Single_Clear_Aluminum,1.05,0.72,8.5,165.4,46597,15184,61781,6723,11981,1965,3420,24089,2801,26890,2.24,5,123.2,0.896,https://hvaclogic.org/calculators/btu-calculator
ENV-0516,CZ-6,"Very Cold (Minneapolis/Helena)",-15,86,70,70,75,3600,32400,R-20+5ci_HighPerformance,0.04,Single_Clear_Aluminum,1.05,0.72,8.5,252.2,65221,23152,88373,9352,16848,2996,4050,33246,4052,37298,3.11,7.2,131.5,0.891,https://hvaclogic.org/calculators/btu-calculator
ENV-0517,CZ-6,"Very Cold (Minneapolis/Helena)",-15,86,70,70,75,1500,12000,R-20+5ci_HighPerformance,0.04,Single_Clear_Aluminum,1.05,0.72,3.5,38.5,30184,3534,33718,4380,7862,457,2790,15489,1066,16555,1.38,3,117.4,0.936,https://hvaclogic.org/calculators/btu-calculator
ENV-0518,CZ-6,"Very Cold (Minneapolis/Helena)",-15,86,70,70,75,2500,21250,R-20+5ci_HighPerformance,0.04,Single_Clear_Aluminum,1.05,0.72,3.5,68.1,46597,6252,52849,6723,11981,809,3420,22933,1624,24557,2.05,5,143.9,0.934,https://hvaclogic.org/calculators/btu-calculator
ENV-0519,CZ-6,"Very Cold (Minneapolis/Helena)",-15,86,70,70,75,3600,32400,R-20+5ci_HighPerformance,0.04,Single_Clear_Aluminum,1.05,0.72,3.5,103.8,65221,9529,74750,9352,16848,1233,4050,31483,2256,33739,2.81,7.2,156.2,0.933,https://hvaclogic.org/calculators/btu-calculator
ENV-0520,CZ-6,"Very Cold (Minneapolis/Helena)",-15,86,70,70,75,1500,12000,R-20+5ci_HighPerformance,0.04,Single_Clear_Aluminum,1.05,0.72,1.2,13.2,30184,1212,31396,4380,7862,157,2790,15189,760,15949,1.33,3,125.6,0.952,https://hvaclogic.org/calculators/btu-calculator
ENV-0521,CZ-6,"Very Cold (Minneapolis/Helena)",-15,86,70,70,75,2500,21250,R-20+5ci_HighPerformance,0.04,Single_Clear_Aluminum,1.05,0.72,1.2,23.4,46597,2148,48745,6723,11981,278,3420,22402,1083,23485,1.96,5,155.1,0.954,https://hvaclogic.org/calculators/btu-calculator
ENV-0522,CZ-6,"Very Cold (Minneapolis/Helena)",-15,86,70,70,75,3600,32400,R-20+5ci_HighPerformance,0.04,Single_Clear_Aluminum,1.05,0.72,1.2,35.6,65221,3268,68489,9352,16848,423,4050,30673,1431,32104,2.68,7.2,168.7,0.955,https://hvaclogic.org/calculators/btu-calculator
ENV-0523,CZ-6,"Very Cold (Minneapolis/Helena)",-15,86,70,70,75,1500,12000,R-20+5ci_HighPerformance,0.04,Double_Clear_Metal,0.48,0.58,8.5,93.4,20009,8574,28583,3063,6334,1110,2790,13297,1730,15027,1.25,3,140,0.885,https://hvaclogic.org/calculators/btu-calculator
ENV-0524,CZ-6,"Very Cold (Minneapolis/Helena)",-15,86,70,70,75,2500,21250,R-20+5ci_HighPerformance,0.04,Double_Clear_Metal,0.48,0.58,8.5,165.4,31093,15184,46277,4716,9651,1965,3420,19752,2801,22553,1.88,5,166,0.876,https://hvaclogic.org/calculators/btu-calculator
ENV-0525,CZ-6,"Very Cold (Minneapolis/Helena)",-15,86,70,70,75,3600,32400,R-20+5ci_HighPerformance,0.04,Double_Clear_Metal,0.48,0.58,8.5,252.2,43418,23152,66570,6530,13572,2996,4050,27148,4052,31200,2.6,7.2,176.9,0.87,https://hvaclogic.org/calculators/btu-calculator
ENV-0526,CZ-6,"Very Cold (Minneapolis/Helena)",-15,86,70,70,75,1500,12000,R-20+5ci_HighPerformance,0.04,Double_Clear_Metal,0.48,0.58,3.5,38.5,20009,3534,23543,3063,6334,457,2790,12644,1066,13710,1.14,3,163.2,0.922,https://hvaclogic.org/calculators/btu-calculator
ENV-0527,CZ-6,"Very Cold (Minneapolis/Helena)",-15,86,70,70,75,2500,21250,R-20+5ci_HighPerformance,0.04,Double_Clear_Metal,0.48,0.58,3.5,68.1,31093,6252,37345,4716,9651,809,3420,18596,1624,20220,1.69,5,195.9,0.92,https://hvaclogic.org/calculators/btu-calculator
ENV-0528,CZ-6,"Very Cold (Minneapolis/Helena)",-15,86,70,70,75,3600,32400,R-20+5ci_HighPerformance,0.04,Double_Clear_Metal,0.48,0.58,3.5,103.8,43418,9529,52947,6530,13572,1233,4050,25385,2256,27641,2.3,7.2,213,0.918,https://hvaclogic.org/calculators/btu-calculator
ENV-0529,CZ-6,"Very Cold (Minneapolis/Helena)",-15,86,70,70,75,1500,12000,R-20+5ci_HighPerformance,0.04,Double_Clear_Metal,0.48,0.58,1.2,13.2,20009,1212,21221,3063,6334,157,2790,12344,760,13104,1.09,3,175.2,0.942,https://hvaclogic.org/calculators/btu-calculator
ENV-0530,CZ-6,"Very Cold (Minneapolis/Helena)",-15,86,70,70,75,2500,21250,R-20+5ci_HighPerformance,0.04,Double_Clear_Metal,0.48,0.58,1.2,23.4,31093,2148,33241,4716,9651,278,3420,18065,1083,19148,1.6,5,212.5,0.943,https://hvaclogic.org/calculators/btu-calculator
ENV-0531,CZ-6,"Very Cold (Minneapolis/Helena)",-15,86,70,70,75,3600,32400,R-20+5ci_HighPerformance,0.04,Double_Clear_Metal,0.48,0.58,1.2,35.6,43418,3268,46686,6530,13572,423,4050,24575,1431,26006,2.17,7.2,231.8,0.945,https://hvaclogic.org/calculators/btu-calculator
ENV-0532,CZ-6,"Very Cold (Minneapolis/Helena)",-15,86,70,70,75,1500,12000,R-20+5ci_HighPerformance,0.04,Double_LowE_Argon_Vinyl,0.28,0.24,8.5,93.4,16439,8574,25013,2601,2621,1110,2790,9122,1730,10852,0.9,3,233.3,0.841,https://hvaclogic.org/calculators/btu-calculator
ENV-0533,CZ-6,"Very Cold (Minneapolis/Helena)",-15,86,70,70,75,2500,21250,R-20+5ci_HighPerformance,0.04,Double_LowE_Argon_Vinyl,0.28,0.24,8.5,165.4,25653,15184,40837,4012,3994,1965,3420,13391,2801,16192,1.35,5,270.4,0.827,https://hvaclogic.org/calculators/btu-calculator
ENV-0534,CZ-6,"Very Cold (Minneapolis/Helena)",-15,86,70,70,75,3600,32400,R-20+5ci_HighPerformance,0.04,Double_LowE_Argon_Vinyl,0.28,0.24,8.5,252.2,35768,23152,58920,5540,5616,2996,4050,18202,4052,22254,1.85,7.2,289.2,0.818,https://hvaclogic.org/calculators/btu-calculator
ENV-0535,CZ-6,"Very Cold (Minneapolis/Helena)",-15,86,70,70,75,1500,12000,R-20+5ci_HighPerformance,0.04,Double_LowE_Argon_Vinyl,0.28,0.24,3.5,38.5,16439,3534,19973,2601,2621,457,2790,8469,1066,9535,0.79,3,279.7,0.888,https://hvaclogic.org/calculators/btu-calculator
ENV-0536,CZ-6,"Very Cold (Minneapolis/Helena)",-15,86,70,70,75,2500,21250,R-20+5ci_HighPerformance,0.04,Double_LowE_Argon_Vinyl,0.28,0.24,3.5,68.1,25653,6252,31905,4012,3994,809,3420,12235,1624,13859,1.15,5,334.8,0.883,https://hvaclogic.org/calculators/btu-calculator
ENV-0537,CZ-6,"Very Cold (Minneapolis/Helena)",-15,86,70,70,75,3600,32400,R-20+5ci_HighPerformance,0.04,Double_LowE_Argon_Vinyl,0.28,0.24,3.5,103.8,35768,9529,45297,5540,5616,1233,4050,16439,2256,18695,1.56,7.2,361.5,0.879,https://hvaclogic.org/calculators/btu-calculator
ENV-0538,CZ-6,"Very Cold (Minneapolis/Helena)",-15,86,70,70,75,1500,12000,R-20+5ci_HighPerformance,0.04,Double_LowE_Argon_Vinyl,0.28,0.24,1.2,13.2,16439,1212,17651,2601,2621,157,2790,8169,760,8929,0.74,3,305.4,0.915,https://hvaclogic.org/calculators/btu-calculator
ENV-0539,CZ-6,"Very Cold (Minneapolis/Helena)",-15,86,70,70,75,2500,21250,R-20+5ci_HighPerformance,0.04,Double_LowE_Argon_Vinyl,0.28,0.24,1.2,23.4,25653,2148,27801,4012,3994,278,3420,11704,1083,12787,1.07,5,367.3,0.915,https://hvaclogic.org/calculators/btu-calculator
ENV-0540,CZ-6,"Very Cold (Minneapolis/Helena)",-15,86,70,70,75,3600,32400,R-20+5ci_HighPerformance,0.04,Double_LowE_Argon_Vinyl,0.28,0.24,1.2,35.6,35768,3268,39036,5540,5616,423,4050,15629,1431,17060,1.42,7.2,407,0.916,https://hvaclogic.org/calculators/btu-calculator