scenario_id,refrigerant,safety_group,gwp,liquid_line_od_in,actual_length_ft,factory_allowance_ft,net_additional_length_ft,adder_rate_oz_per_ft,factory_base_charge_oz,additional_charge_oz,total_system_charge_oz,total_system_charge_lbs,total_system_charge_kg,vertical_lift_ft,requires_oil_trap,canonical_reference_url
SCN-0001,R-454B,A2L,466,"1/4",15,15,0,0.18,64,0,64,4,1.814,0,FALSE,https://hvaclogic.org/calculators/refrigerant-charge-calculator
SCN-0002,R-454B,A2L,466,"1/4",15,15,0,0.18,64,0,64,4,1.814,15,FALSE,https://hvaclogic.org/calculators/refrigerant-charge-calculator
SCN-0003,R-454B,A2L,466,"1/4",20,15,5,0.18,64,0.9,64.9,4.056,1.84,0,FALSE,https://hvaclogic.org/calculators/refrigerant-charge-calculator
SCN-0004,R-454B,A2L,466,"1/4",20,15,5,0.18,64,0.9,64.9,4.056,1.84,15,FALSE,https://hvaclogic.org/calculators/refrigerant-charge-calculator
SCN-0005,R-454B,A2L,466,"1/4",25,15,10,0.18,64,1.8,65.8,4.112,1.865,0,FALSE,https://hvaclogic.org/calculators/refrigerant-charge-calculator
SCN-0006,R-454B,A2L,466,"1/4",25,15,10,0.18,64,1.8,65.8,4.112,1.865,15,FALSE,https://hvaclogic.org/calculators/refrigerant-charge-calculator
SCN-0007,R-454B,A2L,466,"1/4",25,25,0,0.18,64,0,64,4,1.814,0,FALSE,https://hvaclogic.org/calculators/refrigerant-charge-calculator
SCN-0008,R-454B,A2L,466,"1/4",25,25,0,0.18,64,0,64,4,1.814,15,FALSE,https://hvaclogic.org/calculators/refrigerant-charge-calculator
SCN-0009,R-454B,A2L,466,"1/4",30,15,15,0.18,64,2.7,66.7,4.169,1.891,0,FALSE,https://hvaclogic.org/calculators/refrigerant-charge-calculator
SCN-0010,R-454B,A2L,466,"1/4",30,15,15,0.18,64,2.7,66.7,4.169,1.891,15,FALSE,https://hvaclogic.org/calculators/refrigerant-charge-calculator
SCN-0011,R-454B,A2L,466,"1/4",30,15,15,0.18,64,2.7,66.7,4.169,1.891,30,TRUE,https://hvaclogic.org/calculators/refrigerant-charge-calculator
SCN-0012,R-454B,A2L,466,"1/4",30,25,5,0.18,64,0.9,64.9,4.056,1.84,0,FALSE,https://hvaclogic.org/calculators/refrigerant-charge-calculator
SCN-0013,R-454B,A2L,466,"1/4",30,25,5,0.18,64,0.9,64.9,4.056,1.84,15,FALSE,https://hvaclogic.org/calculators/refrigerant-charge-calculator
SCN-0014,R-454B,A2L,466,"1/4",30,25,5,0.18,64,0.9,64.9,4.056,1.84,30,TRUE,https://hvaclogic.org/calculators/refrigerant-charge-calculator
SCN-0015,R-454B,A2L,466,"1/4",40,15,25,0.18,64,4.5,68.5,4.281,1.942,0,FALSE,https://hvaclogic.org/calculators/refrigerant-charge-calculator
SCN-0016,R-454B,A2L,466,"1/4",40,15,25,0.18,64,4.5,68.5,4.281,1.942,15,FALSE,https://hvaclogic.org/calculators/refrigerant-charge-calculator
SCN-0017,R-454B,A2L,466,"1/4",40,15,25,0.18,64,4.5,68.5,4.281,1.942,30,TRUE,https://hvaclogic.org/calculators/refrigerant-charge-calculator
SCN-0018,R-454B,A2L,466,"1/4",40,25,15,0.18,64,2.7,66.7,4.169,1.891,0,FALSE,https://hvaclogic.org/calculators/refrigerant-charge-calculator
SCN-0019,R-454B,A2L,466,"1/4",40,25,15,0.18,64,2.7,66.7,4.169,1.891,15,FALSE,https://hvaclogic.org/calculators/refrigerant-charge-calculator
SCN-0020,R-454B,A2L,466,"1/4",40,25,15,0.18,64,2.7,66.7,4.169,1.891,30,TRUE,https://hvaclogic.org/calculators/refrigerant-charge-calculator
SCN-0021,R-454B,A2L,466,"1/4",50,15,35,0.18,64,6.3,70.3,4.394,1.993,0,FALSE,https://hvaclogic.org/calculators/refrigerant-charge-calculator
SCN-0022,R-454B,A2L,466,"1/4",50,15,35,0.18,64,6.3,70.3,4.394,1.993,15,FALSE,https://hvaclogic.org/calculators/refrigerant-charge-calculator
SCN-0023,R-454B,A2L,466,"1/4",50,15,35,0.18,64,6.3,70.3,4.394,1.993,30,TRUE,https://hvaclogic.org/calculators/refrigerant-charge-calculator
SCN-0024,R-454B,A2L,466,"1/4",50,15,35,0.18,64,6.3,70.3,4.394,1.993,45,TRUE,https://hvaclogic.org/calculators/refrigerant-charge-calculator
SCN-0025,R-454B,A2L,466,"1/4",50,25,25,0.18,64,4.5,68.5,4.281,1.942,0,FALSE,https://hvaclogic.org/calculators/refrigerant-charge-calculator
SCN-0026,R-454B,A2L,466,"1/4",50,25,25,0.18,64,4.5,68.5,4.281,1.942,15,FALSE,https://hvaclogic.org/calculators/refrigerant-charge-calculator
SCN-0027,R-454B,A2L,466,"1/4",50,25,25,0.18,64,4.5,68.5,4.281,1.942,30,TRUE,https://hvaclogic.org/calculators/refrigerant-charge-calculator
SCN-0028,R-454B,A2L,466,"1/4",50,25,25,0.18,64,4.5,68.5,4.281,1.942,45,TRUE,https://hvaclogic.org/calculators/refrigerant-charge-calculator
SCN-0029,R-454B,A2L,466,"1/4",60,15,45,0.18,64,8.1,72.1,4.506,2.044,0,FALSE,https://hvaclogic.org/calculators/refrigerant-charge-calculator
SCN-0030,R-454B,A2L,466,"1/4",60,15,45,0.18,64,8.1,72.1,4.506,2.044,15,FALSE,https://hvaclogic.org/calculators/refrigerant-charge-calculator
SCN-0031,R-454B,A2L,466,"1/4",60,15,45,0.18,64,8.1,72.1,4.506,2.044,30,TRUE,https://hvaclogic.org/calculators/refrigerant-charge-calculator
SCN-0032,R-454B,A2L,466,"1/4",60,15,45,0.18,64,8.1,72.1,4.506,2.044,45,TRUE,https://hvaclogic.org/calculators/refrigerant-charge-calculator
SCN-0033,R-454B,A2L,466,"1/4",60,25,35,0.18,64,6.3,70.3,4.394,1.993,0,FALSE,https://hvaclogic.org/calculators/refrigerant-charge-calculator
SCN-0034,R-454B,A2L,466,"1/4",60,25,35,0.18,64,6.3,70.3,4.394,1.993,15,FALSE,https://hvaclogic.org/calculators/refrigerant-charge-calculator
SCN-0035,R-454B,A2L,466,"1/4",60,25,35,0.18,64,6.3,70.3,4.394,1.993,30,TRUE,https://hvaclogic.org/calculators/refrigerant-charge-calculator
SCN-0036,R-454B,A2L,466,"1/4",60,25,35,0.18,64,6.3,70.3,4.394,1.993,45,TRUE,https://hvaclogic.org/calculators/refrigerant-charge-calculator
SCN-0037,R-454B,A2L,466,"1/4",75,15,60,0.18,64,10.8,74.8,4.675,2.121,0,FALSE,https://hvaclogic.org/calculators/refrigerant-charge-calculator
SCN-0038,R-454B,A2L,466,"1/4",75,15,60,0.18,64,10.8,74.8,4.675,2.121,15,FALSE,https://hvaclogic.org/calculators/refrigerant-charge-calculator
SCN-0039,R-454B,A2L,466,"1/4",75,15,60,0.18,64,10.8,74.8,4.675,2.121,30,TRUE,https://hvaclogic.org/calculators/refrigerant-charge-calculator
SCN-0040,R-454B,A2L,466,"1/4",75,15,60,0.18,64,10.8,74.8,4.675,2.121,45,TRUE,https://hvaclogic.org/calculators/refrigerant-charge-calculator
SCN-0041,R-454B,A2L,466,"1/4",75,25,50,0.18,64,9,73,4.563,2.07,0,FALSE,https://hvaclogic.org/calculators/refrigerant-charge-calculator
SCN-0042,R-454B,A2L,466,"1/4",75,25,50,0.18,64,9,73,4.563,2.07,15,FALSE,https://hvaclogic.org/calculators/refrigerant-charge-calculator
SCN-0043,R-454B,A2L,466,"1/4",75,25,50,0.18,64,9,73,4.563,2.07,30,TRUE,https://hvaclogic.org/calculators/refrigerant-charge-calculator
SCN-0044,R-454B,A2L,466,"1/4",75,25,50,0.18,64,9,73,4.563,2.07,45,TRUE,https://hvaclogic.org/calculators/refrigerant-charge-calculator
SCN-0045,R-454B,A2L,466,"1/4",100,15,85,0.18,64,15.3,79.3,4.956,2.248,0,FALSE,https://hvaclogic.org/calculators/refrigerant-charge-calculator
SCN-0046,R-454B,A2L,466,"1/4",100,15,85,0.18,64,15.3,79.3,4.956,2.248,15,FALSE,https://hvaclogic.org/calculators/refrigerant-charge-calculator
SCN-0047,R-454B,A2L,466,"1/4",100,15,85,0.18,64,15.3,79.3,4.956,2.248,30,TRUE,https://hvaclogic.org/calculators/refrigerant-charge-calculator
SCN-0048,R-454B,A2L,466,"1/4",100,15,85,0.18,64,15.3,79.3,4.956,2.248,45,TRUE,https://hvaclogic.org/calculators/refrigerant-charge-calculator
SCN-0049,R-454B,A2L,466,"1/4",100,25,75,0.18,64,13.5,77.5,4.844,2.197,0,FALSE,https://hvaclogic.org/calculators/refrigerant-charge-calculator
SCN-0050,R-454B,A2L,466,"1/4",100,25,75,0.18,64,13.5,77.5,4.844,2.197,15,FALSE,https://hvaclogic.org/calculators/refrigerant-charge-calculator
SCN-0051,R-454B,A2L,466,"1/4",100,25,75,0.18,64,13.5,77.5,4.844,2.197,30,TRUE,https://hvaclogic.org/calculators/refrigerant-charge-calculator
SCN-0052,R-454B,A2L,466,"1/4",100,25,75,0.18,64,13.5,77.5,4.844,2.197,45,TRUE,https://hvaclogic.org/calculators/refrigerant-charge-calculator
SCN-0053,R-454B,A2L,466,"1/4",125,15,110,0.18,64,19.8,83.8,5.237,2.375,0,FALSE,https://hvaclogic.org/calculators/refrigerant-charge-calculator
SCN-0054,R-454B,A2L,466,"1/4",125,15,110,0.18,64,19.8,83.8,5.237,2.375,15,FALSE,https://hvaclogic.org/calculators/refrigerant-charge-calculator
SCN-0055,R-454B,A2L,466,"1/4",125,15,110,0.18,64,19.8,83.8,5.237,2.375,30,TRUE,https://hvaclogic.org/calculators/refrigerant-charge-calculator
SCN-0056,R-454B,A2L,466,"1/4",125,15,110,0.18,64,19.8,83.8,5.237,2.375,45,TRUE,https://hvaclogic.org/calculators/refrigerant-charge-calculator
SCN-0057,R-454B,A2L,466,"1/4",125,25,100,0.18,64,18,82,5.125,2.325,0,FALSE,https://hvaclogic.org/calculators/refrigerant-charge-calculator
SCN-0058,R-454B,A2L,466,"1/4",125,25,100,0.18,64,18,82,5.125,2.325,15,FALSE,https://hvaclogic.org/calculators/refrigerant-charge-calculator
SCN-0059,R-454B,A2L,466,"1/4",125,25,100,0.18,64,18,82,5.125,2.325,30,TRUE,https://hvaclogic.org/calculators/refrigerant-charge-calculator
SCN-0060,R-454B,A2L,466,"1/4",125,25,100,0.18,64,18,82,5.125,2.325,45,TRUE,https://hvaclogic.org/calculators/refrigerant-charge-calculator
SCN-0061,R-454B,A2L,466,"1/4",150,15,135,0.18,64,24.3,88.3,5.519,2.503,0,FALSE,https://hvaclogic.org/calculators/refrigerant-charge-calculator
SCN-0062,R-454B,A2L,466,"1/4",150,15,135,0.18,64,24.3,88.3,5.519,2.503,15,FALSE,https://hvaclogic.org/calculators/refrigerant-charge-calculator
SCN-0063,R-454B,A2L,466,"1/4",150,15,135,0.18,64,24.3,88.3,5.519,2.503,30,TRUE,https://hvaclogic.org/calculators/refrigerant-charge-calculator
SCN-0064,R-454B,A2L,466,"1/4",150,15,135,0.18,64,24.3,88.3,5.519,2.503,45,TRUE,https://hvaclogic.org/calculators/refrigerant-charge-calculator
SCN-0065,R-454B,A2L,466,"1/4",150,25,125,0.18,64,22.5,86.5,5.406,2.452,0,FALSE,https://hvaclogic.org/calculators/refrigerant-charge-calculator
SCN-0066,R-454B,A2L,466,"1/4",150,25,125,0.18,64,22.5,86.5,5.406,2.452,15,FALSE,https://hvaclogic.org/calculators/refrigerant-charge-calculator
SCN-0067,R-454B,A2L,466,"1/4",150,25,125,0.18,64,22.5,86.5,5.406,2.452,30,TRUE,https://hvaclogic.org/calculators/refrigerant-charge-calculator
SCN-0068,R-454B,A2L,466,"1/4",150,25,125,0.18,64,22.5,86.5,5.406,2.452,45,TRUE,https://hvaclogic.org/calculators/refrigerant-charge-calculator
SCN-0069,R-454B,A2L,466,"5/16",15,15,0,0.32,88,0,88,5.5,2.495,0,FALSE,https://hvaclogic.org/calculators/refrigerant-charge-calculator
SCN-0070,R-454B,A2L,466,"5/16",15,15,0,0.32,88,0,88,5.5,2.495,15,FALSE,https://hvaclogic.org/calculators/refrigerant-charge-calculator
SCN-0071,R-454B,A2L,466,"5/16",20,15,5,0.32,88,1.6,89.6,5.6,2.54,0,FALSE,https://hvaclogic.org/calculators/refrigerant-charge-calculator
SCN-0072,R-454B,A2L,466,"5/16",20,15,5,0.32,88,1.6,89.6,5.6,2.54,15,FALSE,https://hvaclogic.org/calculators/refrigerant-charge-calculator
SCN-0073,R-454B,A2L,466,"5/16",25,15,10,0.32,88,3.2,91.2,5.7,2.585,0,FALSE,https://hvaclogic.org/calculators/refrigerant-charge-calculator
SCN-0074,R-454B,A2L,466,"5/16",25,15,10,0.32,88,3.2,91.2,5.7,2.585,15,FALSE,https://hvaclogic.org/calculators/refrigerant-charge-calculator
SCN-0075,R-454B,A2L,466,"5/16",25,25,0,0.32,88,0,88,5.5,2.495,0,FALSE,https://hvaclogic.org/calculators/refrigerant-charge-calculator
SCN-0076,R-454B,A2L,466,"5/16",25,25,0,0.32,88,0,88,5.5,2.495,15,FALSE,https://hvaclogic.org/calculators/refrigerant-charge-calculator
SCN-0077,R-454B,A2L,466,"5/16",30,15,15,0.32,88,4.8,92.8,5.8,2.631,0,FALSE,https://hvaclogic.org/calculators/refrigerant-charge-calculator
SCN-0078,R-454B,A2L,466,"5/16",30,15,15,0.32,88,4.8,92.8,5.8,2.631,15,FALSE,https://hvaclogic.org/calculators/refrigerant-charge-calculator
SCN-0079,R-454B,A2L,466,"5/16",30,15,15,0.32,88,4.8,92.8,5.8,2.631,30,TRUE,https://hvaclogic.org/calculators/refrigerant-charge-calculator
SCN-0080,R-454B,A2L,466,"5/16",30,25,5,0.32,88,1.6,89.6,5.6,2.54,0,FALSE,https://hvaclogic.org/calculators/refrigerant-charge-calculator
SCN-0081,R-454B,A2L,466,"5/16",30,25,5,0.32,88,1.6,89.6,5.6,2.54,15,FALSE,https://hvaclogic.org/calculators/refrigerant-charge-calculator
SCN-0082,R-454B,A2L,466,"5/16",30,25,5,0.32,88,1.6,89.6,5.6,2.54,30,TRUE,https://hvaclogic.org/calculators/refrigerant-charge-calculator
SCN-0083,R-454B,A2L,466,"5/16",40,15,25,0.32,88,8,96,6,2.722,0,FALSE,https://hvaclogic.org/calculators/refrigerant-charge-calculator
SCN-0084,R-454B,A2L,466,"5/16",40,15,25,0.32,88,8,96,6,2.722,15,FALSE,https://hvaclogic.org/calculators/refrigerant-charge-calculator
SCN-0085,R-454B,A2L,466,"5/16",40,15,25,0.32,88,8,96,6,2.722,30,TRUE,https://hvaclogic.org/calculators/refrigerant-charge-calculator
SCN-0086,R-454B,A2L,466,"5/16",40,25,15,0.32,88,4.8,92.8,5.8,2.631,0,FALSE,https://hvaclogic.org/calculators/refrigerant-charge-calculator
SCN-0087,R-454B,A2L,466,"5/16",40,25,15,0.32,88,4.8,92.8,5.8,2.631,15,FALSE,https://hvaclogic.org/calculators/refrigerant-charge-calculator
SCN-0088,R-454B,A2L,466,"5/16",40,25,15,0.32,88,4.8,92.8,5.8,2.631,30,TRUE,https://hvaclogic.org/calculators/refrigerant-charge-calculator
SCN-0089,R-454B,A2L,466,"5/16",50,15,35,0.32,88,11.2,99.2,6.2,2.812,0,FALSE,https://hvaclogic.org/calculators/refrigerant-charge-calculator
SCN-0090,R-454B,A2L,466,"5/16",50,15,35,0.32,88,11.2,99.2,6.2,2.812,15,FALSE,https://hvaclogic.org/calculators/refrigerant-charge-calculator
SCN-0091,R-454B,A2L,466,"5/16",50,15,35,0.32,88,11.2,99.2,6.2,2.812,30,TRUE,https://hvaclogic.org/calculators/refrigerant-charge-calculator
SCN-0092,R-454B,A2L,466,"5/16",50,15,35,0.32,88,11.2,99.2,6.2,2.812,45,TRUE,https://hvaclogic.org/calculators/refrigerant-charge-calculator
SCN-0093,R-454B,A2L,466,"5/16",50,25,25,0.32,88,8,96,6,2.722,0,FALSE,https://hvaclogic.org/calculators/refrigerant-charge-calculator
SCN-0094,R-454B,A2L,466,"5/16",50,25,25,0.32,88,8,96,6,2.722,15,FALSE,https://hvaclogic.org/calculators/refrigerant-charge-calculator
SCN-0095,R-454B,A2L,466,"5/16",50,25,25,0.32,88,8,96,6,2.722,30,TRUE,https://hvaclogic.org/calculators/refrigerant-charge-calculator
SCN-0096,R-454B,A2L,466,"5/16",50,25,25,0.32,88,8,96,6,2.722,45,TRUE,https://hvaclogic.org/calculators/refrigerant-charge-calculator
SCN-0097,R-454B,A2L,466,"5/16",60,15,45,0.32,88,14.4,102.4,6.4,2.903,0,FALSE,https://hvaclogic.org/calculators/refrigerant-charge-calculator
SCN-0098,R-454B,A2L,466,"5/16",60,15,45,0.32,88,14.4,102.4,6.4,2.903,15,FALSE,https://hvaclogic.org/calculators/refrigerant-charge-calculator
SCN-0099,R-454B,A2L,466,"5/16",60,15,45,0.32,88,14.4,102.4,6.4,2.903,30,TRUE,https://hvaclogic.org/calculators/refrigerant-charge-calculator
SCN-0100,R-454B,A2L,466,"5/16",60,15,45,0.32,88,14.4,102.4,6.4,2.903,45,TRUE,https://hvaclogic.org/calculators/refrigerant-charge-calculator
SCN-0101,R-454B,A2L,466,"5/16",60,25,35,0.32,88,11.2,99.2,6.2,2.812,0,FALSE,https://hvaclogic.org/calculators/refrigerant-charge-calculator
SCN-0102,R-454B,A2L,466,"5/16",60,25,35,0.32,88,11.2,99.2,6.2,2.812,15,FALSE,https://hvaclogic.org/calculators/refrigerant-charge-calculator
SCN-0103,R-454B,A2L,466,"5/16",60,25,35,0.32,88,11.2,99.2,6.2,2.812,30,TRUE,https://hvaclogic.org/calculators/refrigerant-charge-calculator
SCN-0104,R-454B,A2L,466,"5/16",60,25,35,0.32,88,11.2,99.2,6.2,2.812,45,TRUE,https://hvaclogic.org/calculators/refrigerant-charge-calculator
SCN-0105,R-454B,A2L,466,"5/16",75,15,60,0.32,88,19.2,107.2,6.7,3.039,0,FALSE,https://hvaclogic.org/calculators/refrigerant-charge-calculator
SCN-0106,R-454B,A2L,466,"5/16",75,15,60,0.32,88,19.2,107.2,6.7,3.039,15,FALSE,https://hvaclogic.org/calculators/refrigerant-charge-calculator
SCN-0107,R-454B,A2L,466,"5/16",75,15,60,0.32,88,19.2,107.2,6.7,3.039,30,TRUE,https://hvaclogic.org/calculators/refrigerant-charge-calculator
SCN-0108,R-454B,A2L,466,"5/16",75,15,60,0.32,88,19.2,107.2,6.7,3.039,45,TRUE,https://hvaclogic.org/calculators/refrigerant-charge-calculator
SCN-0109,R-454B,A2L,466,"5/16",75,25,50,0.32,88,16,104,6.5,2.948,0,FALSE,https://hvaclogic.org/calculators/refrigerant-charge-calculator
SCN-0110,R-454B,A2L,466,"5/16",75,25,50,0.32,88,16,104,6.5,2.948,15,FALSE,https://hvaclogic.org/calculators/refrigerant-charge-calculator
SCN-0111,R-454B,A2L,466,"5/16",75,25,50,0.32,88,16,104,6.5,2.948,30,TRUE,https://hvaclogic.org/calculators/refrigerant-charge-calculator
SCN-0112,R-454B,A2L,466,"5/16",75,25,50,0.32,88,16,104,6.5,2.948,45,TRUE,https://hvaclogic.org/calculators/refrigerant-charge-calculator
SCN-0113,R-454B,A2L,466,"5/16",100,15,85,0.32,88,27.2,115.2,7.2,3.266,0,FALSE,https://hvaclogic.org/calculators/refrigerant-charge-calculator
SCN-0114,R-454B,A2L,466,"5/16",100,15,85,0.32,88,27.2,115.2,7.2,3.266,15,FALSE,https://hvaclogic.org/calculators/refrigerant-charge-calculator
SCN-0115,R-454B,A2L,466,"5/16",100,15,85,0.32,88,27.2,115.2,7.2,3.266,30,TRUE,https://hvaclogic.org/calculators/refrigerant-charge-calculator
SCN-0116,R-454B,A2L,466,"5/16",100,15,85,0.32,88,27.2,115.2,7.2,3.266,45,TRUE,https://hvaclogic.org/calculators/refrigerant-charge-calculator
SCN-0117,R-454B,A2L,466,"5/16",100,25,75,0.32,88,24,112,7,3.175,0,FALSE,https://hvaclogic.org/calculators/refrigerant-charge-calculator
SCN-0118,R-454B,A2L,466,"5/16",100,25,75,0.32,88,24,112,7,3.175,15,FALSE,https://hvaclogic.org/calculators/refrigerant-charge-calculator
SCN-0119,R-454B,A2L,466,"5/16",100,25,75,0.32,88,24,112,7,3.175,30,TRUE,https://hvaclogic.org/calculators/refrigerant-charge-calculator
SCN-0120,R-454B,A2L,466,"5/16",100,25,75,0.32,88,24,112,7,3.175,45,TRUE,https://hvaclogic.org/calculators/refrigerant-charge-calculator
SCN-0121,R-454B,A2L,466,"5/16",125,15,110,0.32,88,35.2,123.2,7.7,3.493,0,FALSE,https://hvaclogic.org/calculators/refrigerant-charge-calculator
SCN-0122,R-454B,A2L,466,"5/16",125,15,110,0.32,88,35.2,123.2,7.7,3.493,15,FALSE,https://hvaclogic.org/calculators/refrigerant-charge-calculator
SCN-0123,R-454B,A2L,466,"5/16",125,15,110,0.32,88,35.2,123.2,7.7,3.493,30,TRUE,https://hvaclogic.org/calculators/refrigerant-charge-calculator
SCN-0124,R-454B,A2L,466,"5/16",125,15,110,0.32,88,35.2,123.2,7.7,3.493,45,TRUE,https://hvaclogic.org/calculators/refrigerant-charge-calculator
SCN-0125,R-454B,A2L,466,"5/16",125,25,100,0.32,88,32,120,7.5,3.402,0,FALSE,https://hvaclogic.org/calculators/refrigerant-charge-calculator
SCN-0126,R-454B,A2L,466,"5/16",125,25,100,0.32,88,32,120,7.5,3.402,15,FALSE,https://hvaclogic.org/calculators/refrigerant-charge-calculator
SCN-0127,R-454B,A2L,466,"5/16",125,25,100,0.32,88,32,120,7.5,3.402,30,TRUE,https://hvaclogic.org/calculators/refrigerant-charge-calculator
SCN-0128,R-454B,A2L,466,"5/16",125,25,100,0.32,88,32,120,7.5,3.402,45,TRUE,https://hvaclogic.org/calculators/refrigerant-charge-calculator
SCN-0129,R-454B,A2L,466,"5/16",150,15,135,0.32,88,43.2,131.2,8.2,3.719,0,FALSE,https://hvaclogic.org/calculators/refrigerant-charge-calculator
SCN-0130,R-454B,A2L,466,"5/16",150,15,135,0.32,88,43.2,131.2,8.2,3.719,15,FALSE,https://hvaclogic.org/calculators/refrigerant-charge-calculator
SCN-0131,R-454B,A2L,466,"5/16",150,15,135,0.32,88,43.2,131.2,8.2,3.719,30,TRUE,https://hvaclogic.org/calculators/refrigerant-charge-calculator
SCN-0132,R-454B,A2L,466,"5/16",150,15,135,0.32,88,43.2,131.2,8.2,3.719,45,TRUE,https://hvaclogic.org/calculators/refrigerant-charge-calculator
SCN-0133,R-454B,A2L,466,"5/16",150,25,125,0.32,88,40,128,8,3.629,0,FALSE,https://hvaclogic.org/calculators/refrigerant-charge-calculator
SCN-0134,R-454B,A2L,466,"5/16",150,25,125,0.32,88,40,128,8,3.629,15,FALSE,https://hvaclogic.org/calculators/refrigerant-charge-calculator
SCN-0135,R-454B,A2L,466,"5/16",150,25,125,0.32,88,40,128,8,3.629,30,TRUE,https://hvaclogic.org/calculators/refrigerant-charge-calculator
SCN-0136,R-454B,A2L,466,"5/16",150,25,125,0.32,88,40,128,8,3.629,45,TRUE,https://hvaclogic.org/calculators/refrigerant-charge-calculator
SCN-0137,R-454B,A2L,466,"3/8",15,15,0,0.56,112,0,112,7,3.175,0,FALSE,https://hvaclogic.org/calculators/refrigerant-charge-calculator
SCN-0138,R-454B,A2L,466,"3/8",15,15,0,0.56,112,0,112,7,3.175,15,FALSE,https://hvaclogic.org/calculators/refrigerant-charge-calculator
SCN-0139,R-454B,A2L,466,"3/8",20,15,5,0.56,112,2.8,114.8,7.175,3.255,0,FALSE,https://hvaclogic.org/calculators/refrigerant-charge-calculator
SCN-0140,R-454B,A2L,466,"3/8",20,15,5,0.56,112,2.8,114.8,7.175,3.255,15,FALSE,https://hvaclogic.org/calculators/refrigerant-charge-calculator
SCN-0141,R-454B,A2L,466,"3/8",25,15,10,0.56,112,5.6,117.6,7.35,3.334,0,FALSE,https://hvaclogic.org/calculators/refrigerant-charge-calculator
SCN-0142,R-454B,A2L,466,"3/8",25,15,10,0.56,112,5.6,117.6,7.35,3.334,15,FALSE,https://hvaclogic.org/calculators/refrigerant-charge-calculator
SCN-0143,R-454B,A2L,466,"3/8",25,25,0,0.56,112,0,112,7,3.175,0,FALSE,https://hvaclogic.org/calculators/refrigerant-charge-calculator
SCN-0144,R-454B,A2L,466,"3/8",25,25,0,0.56,112,0,112,7,3.175,15,FALSE,https://hvaclogic.org/calculators/refrigerant-charge-calculator
SCN-0145,R-454B,A2L,466,"3/8",30,15,15,0.56,112,8.4,120.4,7.525,3.413,0,FALSE,https://hvaclogic.org/calculators/refrigerant-charge-calculator
SCN-0146,R-454B,A2L,466,"3/8",30,15,15,0.56,112,8.4,120.4,7.525,3.413,15,FALSE,https://hvaclogic.org/calculators/refrigerant-charge-calculator
SCN-0147,R-454B,A2L,466,"3/8",30,15,15,0.56,112,8.4,120.4,7.525,3.413,30,TRUE,https://hvaclogic.org/calculators/refrigerant-charge-calculator
SCN-0148,R-454B,A2L,466,"3/8",30,25,5,0.56,112,2.8,114.8,7.175,3.255,0,FALSE,https://hvaclogic.org/calculators/refrigerant-charge-calculator
SCN-0149,R-454B,A2L,466,"3/8",30,25,5,0.56,112,2.8,114.8,7.175,3.255,15,FALSE,https://hvaclogic.org/calculators/refrigerant-charge-calculator
SCN-0150,R-454B,A2L,466,"3/8",30,25,5,0.56,112,2.8,114.8,7.175,3.255,30,TRUE,https://hvaclogic.org/calculators/refrigerant-charge-calculator
SCN-0151,R-454B,A2L,466,"3/8",40,15,25,0.56,112,14,126,7.875,3.572,0,FALSE,https://hvaclogic.org/calculators/refrigerant-charge-calculator
SCN-0152,R-454B,A2L,466,"3/8",40,15,25,0.56,112,14,126,7.875,3.572,15,FALSE,https://hvaclogic.org/calculators/refrigerant-charge-calculator
SCN-0153,R-454B,A2L,466,"3/8",40,15,25,0.56,112,14,126,7.875,3.572,30,TRUE,https://hvaclogic.org/calculators/refrigerant-charge-calculator
SCN-0154,R-454B,A2L,466,"3/8",40,25,15,0.56,112,8.4,120.4,7.525,3.413,0,FALSE,https://hvaclogic.org/calculators/refrigerant-charge-calculator
SCN-0155,R-454B,A2L,466,"3/8",40,25,15,0.56,112,8.4,120.4,7.525,3.413,15,FALSE,https://hvaclogic.org/calculators/refrigerant-charge-calculator
SCN-0156,R-454B,A2L,466,"3/8",40,25,15,0.56,112,8.4,120.4,7.525,3.413,30,TRUE,https://hvaclogic.org/calculators/refrigerant-charge-calculator
SCN-0157,R-454B,A2L,466,"3/8",50,15,35,0.56,112,19.6,131.6,8.225,3.731,0,FALSE,https://hvaclogic.org/calculators/refrigerant-charge-calculator
SCN-0158,R-454B,A2L,466,"3/8",50,15,35,0.56,112,19.6,131.6,8.225,3.731,15,FALSE,https://hvaclogic.org/calculators/refrigerant-charge-calculator
SCN-0159,R-454B,A2L,466,"3/8",50,15,35,0.56,112,19.6,131.6,8.225,3.731,30,TRUE,https://hvaclogic.org/calculators/refrigerant-charge-calculator
SCN-0160,R-454B,A2L,466,"3/8",50,15,35,0.56,112,19.6,131.6,8.225,3.731,45,TRUE,https://hvaclogic.org/calculators/refrigerant-charge-calculator
SCN-0161,R-454B,A2L,466,"3/8",50,25,25,0.56,112,14,126,7.875,3.572,0,FALSE,https://hvaclogic.org/calculators/refrigerant-charge-calculator
SCN-0162,R-454B,A2L,466,"3/8",50,25,25,0.56,112,14,126,7.875,3.572,15,FALSE,https://hvaclogic.org/calculators/refrigerant-charge-calculator
SCN-0163,R-454B,A2L,466,"3/8",50,25,25,0.56,112,14,126,7.875,3.572,30,TRUE,https://hvaclogic.org/calculators/refrigerant-charge-calculator
SCN-0164,R-454B,A2L,466,"3/8",50,25,25,0.56,112,14,126,7.875,3.572,45,TRUE,https://hvaclogic.org/calculators/refrigerant-charge-calculator
SCN-0165,R-454B,A2L,466,"3/8",60,15,45,0.56,112,25.2,137.2,8.575,3.89,0,FALSE,https://hvaclogic.org/calculators/refrigerant-charge-calculator
SCN-0166,R-454B,A2L,466,"3/8",60,15,45,0.56,112,25.2,137.2,8.575,3.89,15,FALSE,https://hvaclogic.org/calculators/refrigerant-charge-calculator
SCN-0167,R-454B,A2L,466,"3/8",60,15,45,0.56,112,25.2,137.2,8.575,3.89,30,TRUE,https://hvaclogic.org/calculators/refrigerant-charge-calculator
SCN-0168,R-454B,A2L,466,"3/8",60,15,45,0.56,112,25.2,137.2,8.575,3.89,45,TRUE,https://hvaclogic.org/calculators/refrigerant-charge-calculator
SCN-0169,R-454B,A2L,466,"3/8",60,25,35,0.56,112,19.6,131.6,8.225,3.731,0,FALSE,https://hvaclogic.org/calculators/refrigerant-charge-calculator
SCN-0170,R-454B,A2L,466,"3/8",60,25,35,0.56,112,19.6,131.6,8.225,3.731,15,FALSE,https://hvaclogic.org/calculators/refrigerant-charge-calculator
SCN-0171,R-454B,A2L,466,"3/8",60,25,35,0.56,112,19.6,131.6,8.225,3.731,30,TRUE,https://hvaclogic.org/calculators/refrigerant-charge-calculator
SCN-0172,R-454B,A2L,466,"3/8",60,25,35,0.56,112,19.6,131.6,8.225,3.731,45,TRUE,https://hvaclogic.org/calculators/refrigerant-charge-calculator
SCN-0173,R-454B,A2L,466,"3/8",75,15,60,0.56,112,33.6,145.6,9.1,4.128,0,FALSE,https://hvaclogic.org/calculators/refrigerant-charge-calculator
SCN-0174,R-454B,A2L,466,"3/8",75,15,60,0.56,112,33.6,145.6,9.1,4.128,15,FALSE,https://hvaclogic.org/calculators/refrigerant-charge-calculator
SCN-0175,R-454B,A2L,466,"3/8",75,15,60,0.56,112,33.6,145.6,9.1,4.128,30,TRUE,https://hvaclogic.org/calculators/refrigerant-charge-calculator
SCN-0176,R-454B,A2L,466,"3/8",75,15,60,0.56,112,33.6,145.6,9.1,4.128,45,TRUE,https://hvaclogic.org/calculators/refrigerant-charge-calculator
SCN-0177,R-454B,A2L,466,"3/8",75,25,50,0.56,112,28,140,8.75,3.969,0,FALSE,https://hvaclogic.org/calculators/refrigerant-charge-calculator
SCN-0178,R-454B,A2L,466,"3/8",75,25,50,0.56,112,28,140,8.75,3.969,15,FALSE,https://hvaclogic.org/calculators/refrigerant-charge-calculator
SCN-0179,R-454B,A2L,466,"3/8",75,25,50,0.56,112,28,140,8.75,3.969,30,TRUE,https://hvaclogic.org/calculators/refrigerant-charge-calculator
SCN-0180,R-454B,A2L,466,"3/8",75,25,50,0.56,112,28,140,8.75,3.969,45,TRUE,https://hvaclogic.org/calculators/refrigerant-charge-calculator
SCN-0181,R-454B,A2L,466,"3/8",100,15,85,0.56,112,47.6,159.6,9.975,4.525,0,FALSE,https://hvaclogic.org/calculators/refrigerant-charge-calculator
SCN-0182,R-454B,A2L,466,"3/8",100,15,85,0.56,112,47.6,159.6,9.975,4.525,15,FALSE,https://hvaclogic.org/calculators/refrigerant-charge-calculator
SCN-0183,R-454B,A2L,466,"3/8",100,15,85,0.56,112,47.6,159.6,9.975,4.525,30,TRUE,https://hvaclogic.org/calculators/refrigerant-charge-calculator
SCN-0184,R-454B,A2L,466,"3/8",100,15,85,0.56,112,47.6,159.6,9.975,4.525,45,TRUE,https://hvaclogic.org/calculators/refrigerant-charge-calculator
SCN-0185,R-454B,A2L,466,"3/8",100,25,75,0.56,112,42,154,9.625,4.366,0,FALSE,https://hvaclogic.org/calculators/refrigerant-charge-calculator
SCN-0186,R-454B,A2L,466,"3/8",100,25,75,0.56,112,42,154,9.625,4.366,15,FALSE,https://hvaclogic.org/calculators/refrigerant-charge-calculator
SCN-0187,R-454B,A2L,466,"3/8",100,25,75,0.56,112,42,154,9.625,4.366,30,TRUE,https://hvaclogic.org/calculators/refrigerant-charge-calculator
SCN-0188,R-454B,A2L,466,"3/8",100,25,75,0.56,112,42,154,9.625,4.366,45,TRUE,https://hvaclogic.org/calculators/refrigerant-charge-calculator
SCN-0189,R-454B,A2L,466,"3/8",125,15,110,0.56,112,61.6,173.6,10.85,4.921,0,FALSE,https://hvaclogic.org/calculators/refrigerant-charge-calculator
SCN-0190,R-454B,A2L,466,"3/8",125,15,110,0.56,112,61.6,173.6,10.85,4.921,15,FALSE,https://hvaclogic.org/calculators/refrigerant-charge-calculator
SCN-0191,R-454B,A2L,466,"3/8",125,15,110,0.56,112,61.6,173.6,10.85,4.921,30,TRUE,https://hvaclogic.org/calculators/refrigerant-charge-calculator
SCN-0192,R-454B,A2L,466,"3/8",125,15,110,0.56,112,61.6,173.6,10.85,4.921,45,TRUE,https://hvaclogic.org/calculators/refrigerant-charge-calculator
SCN-0193,R-454B,A2L,466,"3/8",125,25,100,0.56,112,56,168,10.5,4.763,0,FALSE,https://hvaclogic.org/calculators/refrigerant-charge-calculator
SCN-0194,R-454B,A2L,466,"3/8",125,25,100,0.56,112,56,168,10.5,4.763,15,FALSE,https://hvaclogic.org/calculators/refrigerant-charge-calculator
SCN-0195,R-454B,A2L,466,"3/8",125,25,100,0.56,112,56,168,10.5,4.763,30,TRUE,https://hvaclogic.org/calculators/refrigerant-charge-calculator
SCN-0196,R-454B,A2L,466,"3/8",125,25,100,0.56,112,56,168,10.5,4.763,45,TRUE,https://hvaclogic.org/calculators/refrigerant-charge-calculator
SCN-0197,R-454B,A2L,466,"3/8",150,15,135,0.56,112,75.6,187.6,11.725,5.318,0,FALSE,https://hvaclogic.org/calculators/refrigerant-charge-calculator
SCN-0198,R-454B,A2L,466,"3/8",150,15,135,0.56,112,75.6,187.6,11.725,5.318,15,FALSE,https://hvaclogic.org/calculators/refrigerant-charge-calculator
SCN-0199,R-454B,A2L,466,"3/8",150,15,135,0.56,112,75.6,187.6,11.725,5.318,30,TRUE,https://hvaclogic.org/calculators/refrigerant-charge-calculator
SCN-0200,R-454B,A2L,466,"3/8",150,15,135,0.56,112,75.6,187.6,11.725,5.318,45,TRUE,https://hvaclogic.org/calculators/refrigerant-charge-calculator
SCN-0201,R-454B,A2L,466,"3/8",150,25,125,0.56,112,70,182,11.375,5.16,0,FALSE,https://hvaclogic.org/calculators/refrigerant-charge-calculator
SCN-0202,R-454B,A2L,466,"3/8",150,25,125,0.56,112,70,182,11.375,5.16,15,FALSE,https://hvaclogic.org/calculators/refrigerant-charge-calculator
SCN-0203,R-454B,A2L,466,"3/8",150,25,125,0.56,112,70,182,11.375,5.16,30,TRUE,https://hvaclogic.org/calculators/refrigerant-charge-calculator
SCN-0204,R-454B,A2L,466,"3/8",150,25,125,0.56,112,70,182,11.375,5.16,45,TRUE,https://hvaclogic.org/calculators/refrigerant-charge-calculator
SCN-0205,R-454B,A2L,466,"1/2",15,15,0,1.08,144,0,144,9,4.082,0,FALSE,https://hvaclogic.org/calculators/refrigerant-charge-calculator
SCN-0206,R-454B,A2L,466,"1/2",15,15,0,1.08,144,0,144,9,4.082,15,FALSE,https://hvaclogic.org/calculators/refrigerant-charge-calculator
SCN-0207,R-454B,A2L,466,"1/2",20,15,5,1.08,144,5.4,149.4,9.338,4.236,0,FALSE,https://hvaclogic.org/calculators/refrigerant-charge-calculator
SCN-0208,R-454B,A2L,466,"1/2",20,15,5,1.08,144,5.4,149.4,9.338,4.236,15,FALSE,https://hvaclogic.org/calculators/refrigerant-charge-calculator
SCN-0209,R-454B,A2L,466,"1/2",25,15,10,1.08,144,10.8,154.8,9.675,4.389,0,FALSE,https://hvaclogic.org/calculators/refrigerant-charge-calculator
SCN-0210,R-454B,A2L,466,"1/2",25,15,10,1.08,144,10.8,154.8,9.675,4.389,15,FALSE,https://hvaclogic.org/calculators/refrigerant-charge-calculator
SCN-0211,R-454B,A2L,466,"1/2",25,25,0,1.08,144,0,144,9,4.082,0,FALSE,https://hvaclogic.org/calculators/refrigerant-charge-calculator
SCN-0212,R-454B,A2L,466,"1/2",25,25,0,1.08,144,0,144,9,4.082,15,FALSE,https://hvaclogic.org/calculators/refrigerant-charge-calculator
SCN-0213,R-454B,A2L,466,"1/2",30,15,15,1.08,144,16.2,160.2,10.012,4.541,0,FALSE,https://hvaclogic.org/calculators/refrigerant-charge-calculator
SCN-0214,R-454B,A2L,466,"1/2",30,15,15,1.08,144,16.2,160.2,10.012,4.541,15,FALSE,https://hvaclogic.org/calculators/refrigerant-charge-calculator
SCN-0215,R-454B,A2L,466,"1/2",30,15,15,1.08,144,16.2,160.2,10.012,4.541,30,TRUE,https://hvaclogic.org/calculators/refrigerant-charge-calculator
SCN-0216,R-454B,A2L,466,"1/2",30,25,5,1.08,144,5.4,149.4,9.338,4.236,0,FALSE,https://hvaclogic.org/calculators/refrigerant-charge-calculator
SCN-0217,R-454B,A2L,466,"1/2",30,25,5,1.08,144,5.4,149.4,9.338,4.236,15,FALSE,https://hvaclogic.org/calculators/refrigerant-charge-calculator
SCN-0218,R-454B,A2L,466,"1/2",30,25,5,1.08,144,5.4,149.4,9.338,4.236,30,TRUE,https://hvaclogic.org/calculators/refrigerant-charge-calculator
SCN-0219,R-454B,A2L,466,"1/2",40,15,25,1.08,144,27,171,10.688,4.848,0,FALSE,https://hvaclogic.org/calculators/refrigerant-charge-calculator
SCN-0220,R-454B,A2L,466,"1/2",40,15,25,1.08,144,27,171,10.688,4.848,15,FALSE,https://hvaclogic.org/calculators/refrigerant-charge-calculator
SCN-0221,R-454B,A2L,466,"1/2",40,15,25,1.08,144,27,171,10.688,4.848,30,TRUE,https://hvaclogic.org/calculators/refrigerant-charge-calculator
SCN-0222,R-454B,A2L,466,"1/2",40,25,15,1.08,144,16.2,160.2,10.012,4.541,0,FALSE,https://hvaclogic.org/calculators/refrigerant-charge-calculator
SCN-0223,R-454B,A2L,466,"1/2",40,25,15,1.08,144,16.2,160.2,10.012,4.541,15,FALSE,https://hvaclogic.org/calculators/refrigerant-charge-calculator
SCN-0224,R-454B,A2L,466,"1/2",40,25,15,1.08,144,16.2,160.2,10.012,4.541,30,TRUE,https://hvaclogic.org/calculators/refrigerant-charge-calculator
SCN-0225,R-454B,A2L,466,"1/2",50,15,35,1.08,144,37.8,181.8,11.363,5.154,0,FALSE,https://hvaclogic.org/calculators/refrigerant-charge-calculator
SCN-0226,R-454B,A2L,466,"1/2",50,15,35,1.08,144,37.8,181.8,11.363,5.154,15,FALSE,https://hvaclogic.org/calculators/refrigerant-charge-calculator
SCN-0227,R-454B,A2L,466,"1/2",50,15,35,1.08,144,37.8,181.8,11.363,5.154,30,TRUE,https://hvaclogic.org/calculators/refrigerant-charge-calculator
SCN-0228,R-454B,A2L,466,"1/2",50,15,35,1.08,144,37.8,181.8,11.363,5.154,45,TRUE,https://hvaclogic.org/calculators/refrigerant-charge-calculator
SCN-0229,R-454B,A2L,466,"1/2",50,25,25,1.08,144,27,171,10.688,4.848,0,FALSE,https://hvaclogic.org/calculators/refrigerant-charge-calculator
SCN-0230,R-454B,A2L,466,"1/2",50,25,25,1.08,144,27,171,10.688,4.848,15,FALSE,https://hvaclogic.org/calculators/refrigerant-charge-calculator
SCN-0231,R-454B,A2L,466,"1/2",50,25,25,1.08,144,27,171,10.688,4.848,30,TRUE,https://hvaclogic.org/calculators/refrigerant-charge-calculator
SCN-0232,R-454B,A2L,466,"1/2",50,25,25,1.08,144,27,171,10.688,4.848,45,TRUE,https://hvaclogic.org/calculators/refrigerant-charge-calculator
SCN-0233,R-454B,A2L,466,"1/2",60,15,45,1.08,144,48.6,192.6,12.037,5.46,0,FALSE,https://hvaclogic.org/calculators/refrigerant-charge-calculator
SCN-0234,R-454B,A2L,466,"1/2",60,15,45,1.08,144,48.6,192.6,12.037,5.46,15,FALSE,https://hvaclogic.org/calculators/refrigerant-charge-calculator
SCN-0235,R-454B,A2L,466,"1/2",60,15,45,1.08,144,48.6,192.6,12.037,5.46,30,TRUE,https://hvaclogic.org/calculators/refrigerant-charge-calculator
SCN-0236,R-454B,A2L,466,"1/2",60,15,45,1.08,144,48.6,192.6,12.037,5.46,45,TRUE,https://hvaclogic.org/calculators/refrigerant-charge-calculator
SCN-0237,R-454B,A2L,466,"1/2",60,25,35,1.08,144,37.8,181.8,11.363,5.154,0,FALSE,https://hvaclogic.org/calculators/refrigerant-charge-calculator
SCN-0238,R-454B,A2L,466,"1/2",60,25,35,1.08,144,37.8,181.8,11.363,5.154,15,FALSE,https://hvaclogic.org/calculators/refrigerant-charge-calculator
SCN-0239,R-454B,A2L,466,"1/2",60,25,35,1.08,144,37.8,181.8,11.363,5.154,30,TRUE,https://hvaclogic.org/calculators/refrigerant-charge-calculator
SCN-0240,R-454B,A2L,466,"1/2",60,25,35,1.08,144,37.8,181.8,11.363,5.154,45,TRUE,https://hvaclogic.org/calculators/refrigerant-charge-calculator
SCN-0241,R-454B,A2L,466,"1/2",75,15,60,1.08,144,64.8,208.8,13.05,5.919,0,FALSE,https://hvaclogic.org/calculators/refrigerant-charge-calculator
SCN-0242,R-454B,A2L,466,"1/2",75,15,60,1.08,144,64.8,208.8,13.05,5.919,15,FALSE,https://hvaclogic.org/calculators/refrigerant-charge-calculator
SCN-0243,R-454B,A2L,466,"1/2",75,15,60,1.08,144,64.8,208.8,13.05,5.919,30,TRUE,https://hvaclogic.org/calculators/refrigerant-charge-calculator
SCN-0244,R-454B,A2L,466,"1/2",75,15,60,1.08,144,64.8,208.8,13.05,5.919,45,TRUE,https://hvaclogic.org/calculators/refrigerant-charge-calculator
SCN-0245,R-454B,A2L,466,"1/2",75,25,50,1.08,144,54,198,12.375,5.613,0,FALSE,https://hvaclogic.org/calculators/refrigerant-charge-calculator
SCN-0246,R-454B,A2L,466,"1/2",75,25,50,1.08,144,54,198,12.375,5.613,15,FALSE,https://hvaclogic.org/calculators/refrigerant-charge-calculator
SCN-0247,R-454B,A2L,466,"1/2",75,25,50,1.08,144,54,198,12.375,5.613,30,TRUE,https://hvaclogic.org/calculators/refrigerant-charge-calculator
SCN-0248,R-454B,A2L,466,"1/2",75,25,50,1.08,144,54,198,12.375,5.613,45,TRUE,https://hvaclogic.org/calculators/refrigerant-charge-calculator
SCN-0249,R-454B,A2L,466,"1/2",100,15,85,1.08,144,91.8,235.8,14.738,6.685,0,FALSE,https://hvaclogic.org/calculators/refrigerant-charge-calculator
SCN-0250,R-454B,A2L,466,"1/2",100,15,85,1.08,144,91.8,235.8,14.738,6.685,15,FALSE,https://hvaclogic.org/calculators/refrigerant-charge-calculator
SCN-0251,R-454B,A2L,466,"1/2",100,15,85,1.08,144,91.8,235.8,14.738,6.685,30,TRUE,https://hvaclogic.org/calculators/refrigerant-charge-calculator
SCN-0252,R-454B,A2L,466,"1/2",100,15,85,1.08,144,91.8,235.8,14.738,6.685,45,TRUE,https://hvaclogic.org/calculators/refrigerant-charge-calculator
SCN-0253,R-454B,A2L,466,"1/2",100,25,75,1.08,144,81,225,14.063,6.379,0,FALSE,https://hvaclogic.org/calculators/refrigerant-charge-calculator
SCN-0254,R-454B,A2L,466,"1/2",100,25,75,1.08,144,81,225,14.063,6.379,15,FALSE,https://hvaclogic.org/calculators/refrigerant-charge-calculator
SCN-0255,R-454B,A2L,466,"1/2",100,25,75,1.08,144,81,225,14.063,6.379,30,TRUE,https://hvaclogic.org/calculators/refrigerant-charge-calculator
SCN-0256,R-454B,A2L,466,"1/2",100,25,75,1.08,144,81,225,14.063,6.379,45,TRUE,https://hvaclogic.org/calculators/refrigerant-charge-calculator
SCN-0257,R-454B,A2L,466,"1/2",125,15,110,1.08,144,118.8,262.8,16.425,7.45,0,FALSE,https://hvaclogic.org/calculators/refrigerant-charge-calculator
SCN-0258,R-454B,A2L,466,"1/2",125,15,110,1.08,144,118.8,262.8,16.425,7.45,15,FALSE,https://hvaclogic.org/calculators/refrigerant-charge-calculator
SCN-0259,R-454B,A2L,466,"1/2",125,15,110,1.08,144,118.8,262.8,16.425,7.45,30,TRUE,https://hvaclogic.org/calculators/refrigerant-charge-calculator
SCN-0260,R-454B,A2L,466,"1/2",125,15,110,1.08,144,118.8,262.8,16.425,7.45,45,TRUE,https://hvaclogic.org/calculators/refrigerant-charge-calculator
SCN-0261,R-454B,A2L,466,"1/2",125,25,100,1.08,144,108,252,15.75,7.144,0,FALSE,https://hvaclogic.org/calculators/refrigerant-charge-calculator
SCN-0262,R-454B,A2L,466,"1/2",125,25,100,1.08,144,108,252,15.75,7.144,15,FALSE,https://hvaclogic.org/calculators/refrigerant-charge-calculator
SCN-0263,R-454B,A2L,466,"1/2",125,25,100,1.08,144,108,252,15.75,7.144,30,TRUE,https://hvaclogic.org/calculators/refrigerant-charge-calculator
SCN-0264,R-454B,A2L,466,"1/2",125,25,100,1.08,144,108,252,15.75,7.144,45,TRUE,https://hvaclogic.org/calculators/refrigerant-charge-calculator
SCN-0265,R-454B,A2L,466,"1/2",150,15,135,1.08,144,145.8,289.8,18.113,8.216,0,FALSE,https://hvaclogic.org/calculators/refrigerant-charge-calculator
SCN-0266,R-454B,A2L,466,"1/2",150,15,135,1.08,144,145.8,289.8,18.113,8.216,15,FALSE,https://hvaclogic.org/calculators/refrigerant-charge-calculator
SCN-0267,R-454B,A2L,466,"1/2",150,15,135,1.08,144,145.8,289.8,18.113,8.216,30,TRUE,https://hvaclogic.org/calculators/refrigerant-charge-calculator
SCN-0268,R-454B,A2L,466,"1/2",150,15,135,1.08,144,145.8,289.8,18.113,8.216,45,TRUE,https://hvaclogic.org/calculators/refrigerant-charge-calculator
SCN-0269,R-454B,A2L,466,"1/2",150,25,125,1.08,144,135,279,17.438,7.91,0,FALSE,https://hvaclogic.org/calculators/refrigerant-charge-calculator
SCN-0270,R-454B,A2L,466,"1/2",150,25,125,1.08,144,135,279,17.438,7.91,15,FALSE,https://hvaclogic.org/calculators/refrigerant-charge-calculator
SCN-0271,R-454B,A2L,466,"1/2",150,25,125,1.08,144,135,279,17.438,7.91,30,TRUE,https://hvaclogic.org/calculators/refrigerant-charge-calculator
SCN-0272,R-454B,A2L,466,"1/2",150,25,125,1.08,144,135,279,17.438,7.91,45,TRUE,https://hvaclogic.org/calculators/refrigerant-charge-calculator
SCN-0273,R-32,A2L,675,"1/4",15,15,0,0.19,64,0,64,4,1.814,0,FALSE,https://hvaclogic.org/calculators/refrigerant-charge-calculator
SCN-0274,R-32,A2L,675,"1/4",15,15,0,0.19,64,0,64,4,1.814,15,FALSE,https://hvaclogic.org/calculators/refrigerant-charge-calculator
SCN-0275,R-32,A2L,675,"1/4",20,15,5,0.19,64,0.95,64.95,4.059,1.841,0,FALSE,https://hvaclogic.org/calculators/refrigerant-charge-calculator
SCN-0276,R-32,A2L,675,"1/4",20,15,5,0.19,64,0.95,64.95,4.059,1.841,15,FALSE,https://hvaclogic.org/calculators/refrigerant-charge-calculator
SCN-0277,R-32,A2L,675,"1/4",25,15,10,0.19,64,1.9,65.9,4.119,1.868,0,FALSE,https://hvaclogic.org/calculators/refrigerant-charge-calculator
SCN-0278,R-32,A2L,675,"1/4",25,15,10,0.19,64,1.9,65.9,4.119,1.868,15,FALSE,https://hvaclogic.org/calculators/refrigerant-charge-calculator
SCN-0279,R-32,A2L,675,"1/4",25,25,0,0.19,64,0,64,4,1.814,0,FALSE,https://hvaclogic.org/calculators/refrigerant-charge-calculator
SCN-0280,R-32,A2L,675,"1/4",25,25,0,0.19,64,0,64,4,1.814,15,FALSE,https://hvaclogic.org/calculators/refrigerant-charge-calculator
SCN-0281,R-32,A2L,675,"1/4",30,15,15,0.19,64,2.85,66.85,4.178,1.895,0,FALSE,https://hvaclogic.org/calculators/refrigerant-charge-calculator
SCN-0282,R-32,A2L,675,"1/4",30,15,15,0.19,64,2.85,66.85,4.178,1.895,15,FALSE,https://hvaclogic.org/calculators/refrigerant-charge-calculator
SCN-0283,R-32,A2L,675,"1/4",30,15,15,0.19,64,2.85,66.85,4.178,1.895,30,TRUE,https://hvaclogic.org/calculators/refrigerant-charge-calculator
SCN-0284,R-32,A2L,675,"1/4",30,25,5,0.19,64,0.95,64.95,4.059,1.841,0,FALSE,https://hvaclogic.org/calculators/refrigerant-charge-calculator
SCN-0285,R-32,A2L,675,"1/4",30,25,5,0.19,64,0.95,64.95,4.059,1.841,15,FALSE,https://hvaclogic.org/calculators/refrigerant-charge-calculator
SCN-0286,R-32,A2L,675,"1/4",30,25,5,0.19,64,0.95,64.95,4.059,1.841,30,TRUE,https://hvaclogic.org/calculators/refrigerant-charge-calculator
SCN-0287,R-32,A2L,675,"1/4",40,15,25,0.19,64,4.75,68.75,4.297,1.949,0,FALSE,https://hvaclogic.org/calculators/refrigerant-charge-calculator
SCN-0288,R-32,A2L,675,"1/4",40,15,25,0.19,64,4.75,68.75,4.297,1.949,15,FALSE,https://hvaclogic.org/calculators/refrigerant-charge-calculator
SCN-0289,R-32,A2L,675,"1/4",40,15,25,0.19,64,4.75,68.75,4.297,1.949,30,TRUE,https://hvaclogic.org/calculators/refrigerant-charge-calculator
SCN-0290,R-32,A2L,675,"1/4",40,25,15,0.19,64,2.85,66.85,4.178,1.895,0,FALSE,https://hvaclogic.org/calculators/refrigerant-charge-calculator
SCN-0291,R-32,A2L,675,"1/4",40,25,15,0.19,64,2.85,66.85,4.178,1.895,15,FALSE,https://hvaclogic.org/calculators/refrigerant-charge-calculator
SCN-0292,R-32,A2L,675,"1/4",40,25,15,0.19,64,2.85,66.85,4.178,1.895,30,TRUE,https://hvaclogic.org/calculators/refrigerant-charge-calculator
SCN-0293,R-32,A2L,675,"1/4",50,15,35,0.19,64,6.65,70.65,4.416,2.003,0,FALSE,https://hvaclogic.org/calculators/refrigerant-charge-calculator
SCN-0294,R-32,A2L,675,"1/4",50,15,35,0.19,64,6.65,70.65,4.416,2.003,15,FALSE,https://hvaclogic.org/calculators/refrigerant-charge-calculator
SCN-0295,R-32,A2L,675,"1/4",50,15,35,0.19,64,6.65,70.65,4.416,2.003,30,TRUE,https://hvaclogic.org/calculators/refrigerant-charge-calculator
SCN-0296,R-32,A2L,675,"1/4",50,15,35,0.19,64,6.65,70.65,4.416,2.003,45,TRUE,https://hvaclogic.org/calculators/refrigerant-charge-calculator
SCN-0297,R-32,A2L,675,"1/4",50,25,25,0.19,64,4.75,68.75,4.297,1.949,0,FALSE,https://hvaclogic.org/calculators/refrigerant-charge-calculator
SCN-0298,R-32,A2L,675,"1/4",50,25,25,0.19,64,4.75,68.75,4.297,1.949,15,FALSE,https://hvaclogic.org/calculators/refrigerant-charge-calculator
SCN-0299,R-32,A2L,675,"1/4",50,25,25,0.19,64,4.75,68.75,4.297,1.949,30,TRUE,https://hvaclogic.org/calculators/refrigerant-charge-calculator
SCN-0300,R-32,A2L,675,"1/4",50,25,25,0.19,64,4.75,68.75,4.297,1.949,45,TRUE,https://hvaclogic.org/calculators/refrigerant-charge-calculator
SCN-0301,R-32,A2L,675,"1/4",60,15,45,0.19,64,8.55,72.55,4.534,2.057,0,FALSE,https://hvaclogic.org/calculators/refrigerant-charge-calculator
SCN-0302,R-32,A2L,675,"1/4",60,15,45,0.19,64,8.55,72.55,4.534,2.057,15,FALSE,https://hvaclogic.org/calculators/refrigerant-charge-calculator
SCN-0303,R-32,A2L,675,"1/4",60,15,45,0.19,64,8.55,72.55,4.534,2.057,30,TRUE,https://hvaclogic.org/calculators/refrigerant-charge-calculator
SCN-0304,R-32,A2L,675,"1/4",60,15,45,0.19,64,8.55,72.55,4.534,2.057,45,TRUE,https://hvaclogic.org/calculators/refrigerant-charge-calculator
SCN-0305,R-32,A2L,675,"1/4",60,25,35,0.19,64,6.65,70.65,4.416,2.003,0,FALSE,https://hvaclogic.org/calculators/refrigerant-charge-calculator
SCN-0306,R-32,A2L,675,"1/4",60,25,35,0.19,64,6.65,70.65,4.416,2.003,15,FALSE,https://hvaclogic.org/calculators/refrigerant-charge-calculator
SCN-0307,R-32,A2L,675,"1/4",60,25,35,0.19,64,6.65,70.65,4.416,2.003,30,TRUE,https://hvaclogic.org/calculators/refrigerant-charge-calculator
SCN-0308,R-32,A2L,675,"1/4",60,25,35,0.19,64,6.65,70.65,4.416,2.003,45,TRUE,https://hvaclogic.org/calculators/refrigerant-charge-calculator
SCN-0309,R-32,A2L,675,"1/4",75,15,60,0.19,64,11.4,75.4,4.713,2.138,0,FALSE,https://hvaclogic.org/calculators/refrigerant-charge-calculator
SCN-0310,R-32,A2L,675,"1/4",75,15,60,0.19,64,11.4,75.4,4.713,2.138,15,FALSE,https://hvaclogic.org/calculators/refrigerant-charge-calculator
SCN-0311,R-32,A2L,675,"1/4",75,15,60,0.19,64,11.4,75.4,4.713,2.138,30,TRUE,https://hvaclogic.org/calculators/refrigerant-charge-calculator
SCN-0312,R-32,A2L,675,"1/4",75,15,60,0.19,64,11.4,75.4,4.713,2.138,45,TRUE,https://hvaclogic.org/calculators/refrigerant-charge-calculator
SCN-0313,R-32,A2L,675,"1/4",75,25,50,0.19,64,9.5,73.5,4.594,2.084,0,FALSE,https://hvaclogic.org/calculators/refrigerant-charge-calculator
SCN-0314,R-32,A2L,675,"1/4",75,25,50,0.19,64,9.5,73.5,4.594,2.084,15,FALSE,https://hvaclogic.org/calculators/refrigerant-charge-calculator
SCN-0315,R-32,A2L,675,"1/4",75,25,50,0.19,64,9.5,73.5,4.594,2.084,30,TRUE,https://hvaclogic.org/calculators/refrigerant-charge-calculator
SCN-0316,R-32,A2L,675,"1/4",75,25,50,0.19,64,9.5,73.5,4.594,2.084,45,TRUE,https://hvaclogic.org/calculators/refrigerant-charge-calculator
SCN-0317,R-32,A2L,675,"1/4",100,15,85,0.19,64,16.15,80.15,5.009,2.272,0,FALSE,https://hvaclogic.org/calculators/refrigerant-charge-calculator
SCN-0318,R-32,A2L,675,"1/4",100,15,85,0.19,64,16.15,80.15,5.009,2.272,15,FALSE,https://hvaclogic.org/calculators/refrigerant-charge-calculator
SCN-0319,R-32,A2L,675,"1/4",100,15,85,0.19,64,16.15,80.15,5.009,2.272,30,TRUE,https://hvaclogic.org/calculators/refrigerant-charge-calculator
SCN-0320,R-32,A2L,675,"1/4",100,15,85,0.19,64,16.15,80.15,5.009,2.272,45,TRUE,https://hvaclogic.org/calculators/refrigerant-charge-calculator
SCN-0321,R-32,A2L,675,"1/4",100,25,75,0.19,64,14.25,78.25,4.891,2.219,0,FALSE,https://hvaclogic.org/calculators/refrigerant-charge-calculator
SCN-0322,R-32,A2L,675,"1/4",100,25,75,0.19,64,14.25,78.25,4.891,2.219,15,FALSE,https://hvaclogic.org/calculators/refrigerant-charge-calculator
SCN-0323,R-32,A2L,675,"1/4",100,25,75,0.19,64,14.25,78.25,4.891,2.219,30,TRUE,https://hvaclogic.org/calculators/refrigerant-charge-calculator
SCN-0324,R-32,A2L,675,"1/4",100,25,75,0.19,64,14.25,78.25,4.891,2.219,45,TRUE,https://hvaclogic.org/calculators/refrigerant-charge-calculator
SCN-0325,R-32,A2L,675,"1/4",125,15,110,0.19,64,20.9,84.9,5.306,2.407,0,FALSE,https://hvaclogic.org/calculators/refrigerant-charge-calculator
SCN-0326,R-32,A2L,675,"1/4",125,15,110,0.19,64,20.9,84.9,5.306,2.407,15,FALSE,https://hvaclogic.org/calculators/refrigerant-charge-calculator
SCN-0327,R-32,A2L,675,"1/4",125,15,110,0.19,64,20.9,84.9,5.306,2.407,30,TRUE,https://hvaclogic.org/calculators/refrigerant-charge-calculator
SCN-0328,R-32,A2L,675,"1/4",125,15,110,0.19,64,20.9,84.9,5.306,2.407,45,TRUE,https://hvaclogic.org/calculators/refrigerant-charge-calculator
SCN-0329,R-32,A2L,675,"1/4",125,25,100,0.19,64,19,83,5.188,2.353,0,FALSE,https://hvaclogic.org/calculators/refrigerant-charge-calculator
SCN-0330,R-32,A2L,675,"1/4",125,25,100,0.19,64,19,83,5.188,2.353,15,FALSE,https://hvaclogic.org/calculators/refrigerant-charge-calculator
SCN-0331,R-32,A2L,675,"1/4",125,25,100,0.19,64,19,83,5.188,2.353,30,TRUE,https://hvaclogic.org/calculators/refrigerant-charge-calculator
SCN-0332,R-32,A2L,675,"1/4",125,25,100,0.19,64,19,83,5.188,2.353,45,TRUE,https://hvaclogic.org/calculators/refrigerant-charge-calculator
SCN-0333,R-32,A2L,675,"1/4",150,15,135,0.19,64,25.65,89.65,5.603,2.541,0,FALSE,https://hvaclogic.org/calculators/refrigerant-charge-calculator
SCN-0334,R-32,A2L,675,"1/4",150,15,135,0.19,64,25.65,89.65,5.603,2.541,15,FALSE,https://hvaclogic.org/calculators/refrigerant-charge-calculator
SCN-0335,R-32,A2L,675,"1/4",150,15,135,0.19,64,25.65,89.65,5.603,2.541,30,TRUE,https://hvaclogic.org/calculators/refrigerant-charge-calculator
SCN-0336,R-32,A2L,675,"1/4",150,15,135,0.19,64,25.65,89.65,5.603,2.541,45,TRUE,https://hvaclogic.org/calculators/refrigerant-charge-calculator
SCN-0337,R-32,A2L,675,"1/4",150,25,125,0.19,64,23.75,87.75,5.484,2.487,0,FALSE,https://hvaclogic.org/calculators/refrigerant-charge-calculator
SCN-0338,R-32,A2L,675,"1/4",150,25,125,0.19,64,23.75,87.75,5.484,2.487,15,FALSE,https://hvaclogic.org/calculators/refrigerant-charge-calculator
SCN-0339,R-32,A2L,675,"1/4",150,25,125,0.19,64,23.75,87.75,5.484,2.487,30,TRUE,https://hvaclogic.org/calculators/refrigerant-charge-calculator
SCN-0340,R-32,A2L,675,"1/4",150,25,125,0.19,64,23.75,87.75,5.484,2.487,45,TRUE,https://hvaclogic.org/calculators/refrigerant-charge-calculator
SCN-0341,R-32,A2L,675,"5/16",15,15,0,0.34,88,0,88,5.5,2.495,0,FALSE,https://hvaclogic.org/calculators/refrigerant-charge-calculator
SCN-0342,R-32,A2L,675,"5/16",15,15,0,0.34,88,0,88,5.5,2.495,15,FALSE,https://hvaclogic.org/calculators/refrigerant-charge-calculator
SCN-0343,R-32,A2L,675,"5/16",20,15,5,0.34,88,1.7,89.7,5.606,2.543,0,FALSE,https://hvaclogic.org/calculators/refrigerant-charge-calculator
SCN-0344,R-32,A2L,675,"5/16",20,15,5,0.34,88,1.7,89.7,5.606,2.543,15,FALSE,https://hvaclogic.org/calculators/refrigerant-charge-calculator
SCN-0345,R-32,A2L,675,"5/16",25,15,10,0.34,88,3.4,91.4,5.713,2.591,0,FALSE,https://hvaclogic.org/calculators/refrigerant-charge-calculator
SCN-0346,R-32,A2L,675,"5/16",25,15,10,0.34,88,3.4,91.4,5.713,2.591,15,FALSE,https://hvaclogic.org/calculators/refrigerant-charge-calculator
SCN-0347,R-32,A2L,675,"5/16",25,25,0,0.34,88,0,88,5.5,2.495,0,FALSE,https://hvaclogic.org/calculators/refrigerant-charge-calculator
SCN-0348,R-32,A2L,675,"5/16",25,25,0,0.34,88,0,88,5.5,2.495,15,FALSE,https://hvaclogic.org/calculators/refrigerant-charge-calculator
SCN-0349,R-32,A2L,675,"5/16",30,15,15,0.34,88,5.1,93.1,5.819,2.639,0,FALSE,https://hvaclogic.org/calculators/refrigerant-charge-calculator
SCN-0350,R-32,A2L,675,"5/16",30,15,15,0.34,88,5.1,93.1,5.819,2.639,15,FALSE,https://hvaclogic.org/calculators/refrigerant-charge-calculator
SCN-0351,R-32,A2L,675,"5/16",30,15,15,0.34,88,5.1,93.1,5.819,2.639,30,TRUE,https://hvaclogic.org/calculators/refrigerant-charge-calculator
SCN-0352,R-32,A2L,675,"5/16",30,25,5,0.34,88,1.7,89.7,5.606,2.543,0,FALSE,https://hvaclogic.org/calculators/refrigerant-charge-calculator
SCN-0353,R-32,A2L,675,"5/16",30,25,5,0.34,88,1.7,89.7,5.606,2.543,15,FALSE,https://hvaclogic.org/calculators/refrigerant-charge-calculator
SCN-0354,R-32,A2L,675,"5/16",30,25,5,0.34,88,1.7,89.7,5.606,2.543,30,TRUE,https://hvaclogic.org/calculators/refrigerant-charge-calculator
SCN-0355,R-32,A2L,675,"5/16",40,15,25,0.34,88,8.5,96.5,6.031,2.736,0,FALSE,https://hvaclogic.org/calculators/refrigerant-charge-calculator
SCN-0356,R-32,A2L,675,"5/16",40,15,25,0.34,88,8.5,96.5,6.031,2.736,15,FALSE,https://hvaclogic.org/calculators/refrigerant-charge-calculator
SCN-0357,R-32,A2L,675,"5/16",40,15,25,0.34,88,8.5,96.5,6.031,2.736,30,TRUE,https://hvaclogic.org/calculators/refrigerant-charge-calculator
SCN-0358,R-32,A2L,675,"5/16",40,25,15,0.34,88,5.1,93.1,5.819,2.639,0,FALSE,https://hvaclogic.org/calculators/refrigerant-charge-calculator
SCN-0359,R-32,A2L,675,"5/16",40,25,15,0.34,88,5.1,93.1,5.819,2.639,15,FALSE,https://hvaclogic.org/calculators/refrigerant-charge-calculator
SCN-0360,R-32,A2L,675,"5/16",40,25,15,0.34,88,5.1,93.1,5.819,2.639,30,TRUE,https://hvaclogic.org/calculators/refrigerant-charge-calculator
SCN-0361,R-32,A2L,675,"5/16",50,15,35,0.34,88,11.9,99.9,6.244,2.832,0,FALSE,https://hvaclogic.org/calculators/refrigerant-charge-calculator
SCN-0362,R-32,A2L,675,"5/16",50,15,35,0.34,88,11.9,99.9,6.244,2.832,15,FALSE,https://hvaclogic.org/calculators/refrigerant-charge-calculator
SCN-0363,R-32,A2L,675,"5/16",50,15,35,0.34,88,11.9,99.9,6.244,2.832,30,TRUE,https://hvaclogic.org/calculators/refrigerant-charge-calculator
SCN-0364,R-32,A2L,675,"5/16",50,15,35,0.34,88,11.9,99.9,6.244,2.832,45,TRUE,https://hvaclogic.org/calculators/refrigerant-charge-calculator
SCN-0365,R-32,A2L,675,"5/16",50,25,25,0.34,88,8.5,96.5,6.031,2.736,0,FALSE,https://hvaclogic.org/calculators/refrigerant-charge-calculator
SCN-0366,R-32,A2L,675,"5/16",50,25,25,0.34,88,8.5,96.5,6.031,2.736,15,FALSE,https://hvaclogic.org/calculators/refrigerant-charge-calculator
SCN-0367,R-32,A2L,675,"5/16",50,25,25,0.34,88,8.5,96.5,6.031,2.736,30,TRUE,https://hvaclogic.org/calculators/refrigerant-charge-calculator
SCN-0368,R-32,A2L,675,"5/16",50,25,25,0.34,88,8.5,96.5,6.031,2.736,45,TRUE,https://hvaclogic.org/calculators/refrigerant-charge-calculator
SCN-0369,R-32,A2L,675,"5/16",60,15,45,0.34,88,15.3,103.3,6.456,2.928,0,FALSE,https://hvaclogic.org/calculators/refrigerant-charge-calculator
SCN-0370,R-32,A2L,675,"5/16",60,15,45,0.34,88,15.3,103.3,6.456,2.928,15,FALSE,https://hvaclogic.org/calculators/refrigerant-charge-calculator
SCN-0371,R-32,A2L,675,"5/16",60,15,45,0.34,88,15.3,103.3,6.456,2.928,30,TRUE,https://hvaclogic.org/calculators/refrigerant-charge-calculator
SCN-0372,R-32,A2L,675,"5/16",60,15,45,0.34,88,15.3,103.3,6.456,2.928,45,TRUE,https://hvaclogic.org/calculators/refrigerant-charge-calculator
SCN-0373,R-32,A2L,675,"5/16",60,25,35,0.34,88,11.9,99.9,6.244,2.832,0,FALSE,https://hvaclogic.org/calculators/refrigerant-charge-calculator
SCN-0374,R-32,A2L,675,"5/16",60,25,35,0.34,88,11.9,99.9,6.244,2.832,15,FALSE,https://hvaclogic.org/calculators/refrigerant-charge-calculator
SCN-0375,R-32,A2L,675,"5/16",60,25,35,0.34,88,11.9,99.9,6.244,2.832,30,TRUE,https://hvaclogic.org/calculators/refrigerant-charge-calculator
SCN-0376,R-32,A2L,675,"5/16",60,25,35,0.34,88,11.9,99.9,6.244,2.832,45,TRUE,https://hvaclogic.org/calculators/refrigerant-charge-calculator
SCN-0377,R-32,A2L,675,"5/16",75,15,60,0.34,88,20.4,108.4,6.775,3.073,0,FALSE,https://hvaclogic.org/calculators/refrigerant-charge-calculator
SCN-0378,R-32,A2L,675,"5/16",75,15,60,0.34,88,20.4,108.4,6.775,3.073,15,FALSE,https://hvaclogic.org/calculators/refrigerant-charge-calculator
SCN-0379,R-32,A2L,675,"5/16",75,15,60,0.34,88,20.4,108.4,6.775,3.073,30,TRUE,https://hvaclogic.org/calculators/refrigerant-charge-calculator
SCN-0380,R-32,A2L,675,"5/16",75,15,60,0.34,88,20.4,108.4,6.775,3.073,45,TRUE,https://hvaclogic.org/calculators/refrigerant-charge-calculator
SCN-0381,R-32,A2L,675,"5/16",75,25,50,0.34,88,17,105,6.563,2.977,0,FALSE,https://hvaclogic.org/calculators/refrigerant-charge-calculator
SCN-0382,R-32,A2L,675,"5/16",75,25,50,0.34,88,17,105,6.563,2.977,15,FALSE,https://hvaclogic.org/calculators/refrigerant-charge-calculator
SCN-0383,R-32,A2L,675,"5/16",75,25,50,0.34,88,17,105,6.563,2.977,30,TRUE,https://hvaclogic.org/calculators/refrigerant-charge-calculator
SCN-0384,R-32,A2L,675,"5/16",75,25,50,0.34,88,17,105,6.563,2.977,45,TRUE,https://hvaclogic.org/calculators/refrigerant-charge-calculator
SCN-0385,R-32,A2L,675,"5/16",100,15,85,0.34,88,28.9,116.9,7.306,3.314,0,FALSE,https://hvaclogic.org/calculators/refrigerant-charge-calculator
SCN-0386,R-32,A2L,675,"5/16",100,15,85,0.34,88,28.9,116.9,7.306,3.314,15,FALSE,https://hvaclogic.org/calculators/refrigerant-charge-calculator
SCN-0387,R-32,A2L,675,"5/16",100,15,85,0.34,88,28.9,116.9,7.306,3.314,30,TRUE,https://hvaclogic.org/calculators/refrigerant-charge-calculator
SCN-0388,R-32,A2L,675,"5/16",100,15,85,0.34,88,28.9,116.9,7.306,3.314,45,TRUE,https://hvaclogic.org/calculators/refrigerant-charge-calculator
SCN-0389,R-32,A2L,675,"5/16",100,25,75,0.34,88,25.5,113.5,7.094,3.218,0,FALSE,https://hvaclogic.org/calculators/refrigerant-charge-calculator
SCN-0390,R-32,A2L,675,"5/16",100,25,75,0.34,88,25.5,113.5,7.094,3.218,15,FALSE,https://hvaclogic.org/calculators/refrigerant-charge-calculator
SCN-0391,R-32,A2L,675,"5/16",100,25,75,0.34,88,25.5,113.5,7.094,3.218,30,TRUE,https://hvaclogic.org/calculators/refrigerant-charge-calculator
SCN-0392,R-32,A2L,675,"5/16",100,25,75,0.34,88,25.5,113.5,7.094,3.218,45,TRUE,https://hvaclogic.org/calculators/refrigerant-charge-calculator
SCN-0393,R-32,A2L,675,"5/16",125,15,110,0.34,88,37.4,125.4,7.838,3.555,0,FALSE,https://hvaclogic.org/calculators/refrigerant-charge-calculator
SCN-0394,R-32,A2L,675,"5/16",125,15,110,0.34,88,37.4,125.4,7.838,3.555,15,FALSE,https://hvaclogic.org/calculators/refrigerant-charge-calculator
SCN-0395,R-32,A2L,675,"5/16",125,15,110,0.34,88,37.4,125.4,7.838,3.555,30,TRUE,https://hvaclogic.org/calculators/refrigerant-charge-calculator
SCN-0396,R-32,A2L,675,"5/16",125,15,110,0.34,88,37.4,125.4,7.838,3.555,45,TRUE,https://hvaclogic.org/calculators/refrigerant-charge-calculator
SCN-0397,R-32,A2L,675,"5/16",125,25,100,0.34,88,34,122,7.625,3.459,0,FALSE,https://hvaclogic.org/calculators/refrigerant-charge-calculator
SCN-0398,R-32,A2L,675,"5/16",125,25,100,0.34,88,34,122,7.625,3.459,15,FALSE,https://hvaclogic.org/calculators/refrigerant-charge-calculator
SCN-0399,R-32,A2L,675,"5/16",125,25,100,0.34,88,34,122,7.625,3.459,30,TRUE,https://hvaclogic.org/calculators/refrigerant-charge-calculator
SCN-0400,R-32,A2L,675,"5/16",125,25,100,0.34,88,34,122,7.625,3.459,45,TRUE,https://hvaclogic.org/calculators/refrigerant-charge-calculator
SCN-0401,R-32,A2L,675,"5/16",150,15,135,0.34,88,45.9,133.9,8.369,3.796,0,FALSE,https://hvaclogic.org/calculators/refrigerant-charge-calculator
SCN-0402,R-32,A2L,675,"5/16",150,15,135,0.34,88,45.9,133.9,8.369,3.796,15,FALSE,https://hvaclogic.org/calculators/refrigerant-charge-calculator
SCN-0403,R-32,A2L,675,"5/16",150,15,135,0.34,88,45.9,133.9,8.369,3.796,30,TRUE,https://hvaclogic.org/calculators/refrigerant-charge-calculator
SCN-0404,R-32,A2L,675,"5/16",150,15,135,0.34,88,45.9,133.9,8.369,3.796,45,TRUE,https://hvaclogic.org/calculators/refrigerant-charge-calculator
SCN-0405,R-32,A2L,675,"5/16",150,25,125,0.34,88,42.5,130.5,8.156,3.699,0,FALSE,https://hvaclogic.org/calculators/refrigerant-charge-calculator
SCN-0406,R-32,A2L,675,"5/16",150,25,125,0.34,88,42.5,130.5,8.156,3.699,15,FALSE,https://hvaclogic.org/calculators/refrigerant-charge-calculator
SCN-0407,R-32,A2L,675,"5/16",150,25,125,0.34,88,42.5,130.5,8.156,3.699,30,TRUE,https://hvaclogic.org/calculators/refrigerant-charge-calculator
SCN-0408,R-32,A2L,675,"5/16",150,25,125,0.34,88,42.5,130.5,8.156,3.699,45,TRUE,https://hvaclogic.org/calculators/refrigerant-charge-calculator
SCN-0409,R-32,A2L,675,"3/8",15,15,0,0.58,112,0,112,7,3.175,0,FALSE,https://hvaclogic.org/calculators/refrigerant-charge-calculator
SCN-0410,R-32,A2L,675,"3/8",15,15,0,0.58,112,0,112,7,3.175,15,FALSE,https://hvaclogic.org/calculators/refrigerant-charge-calculator
SCN-0411,R-32,A2L,675,"3/8",20,15,5,0.58,112,2.9,114.9,7.181,3.257,0,FALSE,https://hvaclogic.org/calculators/refrigerant-charge-calculator
SCN-0412,R-32,A2L,675,"3/8",20,15,5,0.58,112,2.9,114.9,7.181,3.257,15,FALSE,https://hvaclogic.org/calculators/refrigerant-charge-calculator
SCN-0413,R-32,A2L,675,"3/8",25,15,10,0.58,112,5.8,117.8,7.362,3.339,0,FALSE,https://hvaclogic.org/calculators/refrigerant-charge-calculator
SCN-0414,R-32,A2L,675,"3/8",25,15,10,0.58,112,5.8,117.8,7.362,3.339,15,FALSE,https://hvaclogic.org/calculators/refrigerant-charge-calculator
SCN-0415,R-32,A2L,675,"3/8",25,25,0,0.58,112,0,112,7,3.175,0,FALSE,https://hvaclogic.org/calculators/refrigerant-charge-calculator
SCN-0416,R-32,A2L,675,"3/8",25,25,0,0.58,112,0,112,7,3.175,15,FALSE,https://hvaclogic.org/calculators/refrigerant-charge-calculator
SCN-0417,R-32,A2L,675,"3/8",30,15,15,0.58,112,8.7,120.7,7.544,3.422,0,FALSE,https://hvaclogic.org/calculators/refrigerant-charge-calculator
SCN-0418,R-32,A2L,675,"3/8",30,15,15,0.58,112,8.7,120.7,7.544,3.422,15,FALSE,https://hvaclogic.org/calculators/refrigerant-charge-calculator
SCN-0419,R-32,A2L,675,"3/8",30,15,15,0.58,112,8.7,120.7,7.544,3.422,30,TRUE,https://hvaclogic.org/calculators/refrigerant-charge-calculator
SCN-0420,R-32,A2L,675,"3/8",30,25,5,0.58,112,2.9,114.9,7.181,3.257,0,FALSE,https://hvaclogic.org/calculators/refrigerant-charge-calculator
SCN-0421,R-32,A2L,675,"3/8",30,25,5,0.58,112,2.9,114.9,7.181,3.257,15,FALSE,https://hvaclogic.org/calculators/refrigerant-charge-calculator
SCN-0422,R-32,A2L,675,"3/8",30,25,5,0.58,112,2.9,114.9,7.181,3.257,30,TRUE,https://hvaclogic.org/calculators/refrigerant-charge-calculator
SCN-0423,R-32,A2L,675,"3/8",40,15,25,0.58,112,14.5,126.5,7.906,3.586,0,FALSE,https://hvaclogic.org/calculators/refrigerant-charge-calculator
SCN-0424,R-32,A2L,675,"3/8",40,15,25,0.58,112,14.5,126.5,7.906,3.586,15,FALSE,https://hvaclogic.org/calculators/refrigerant-charge-calculator
SCN-0425,R-32,A2L,675,"3/8",40,15,25,0.58,112,14.5,126.5,7.906,3.586,30,TRUE,https://hvaclogic.org/calculators/refrigerant-charge-calculator
SCN-0426,R-32,A2L,675,"3/8",40,25,15,0.58,112,8.7,120.7,7.544,3.422,0,FALSE,https://hvaclogic.org/calculators/refrigerant-charge-calculator
SCN-0427,R-32,A2L,675,"3/8",40,25,15,0.58,112,8.7,120.7,7.544,3.422,15,FALSE,https://hvaclogic.org/calculators/refrigerant-charge-calculator
SCN-0428,R-32,A2L,675,"3/8",40,25,15,0.58,112,8.7,120.7,7.544,3.422,30,TRUE,https://hvaclogic.org/calculators/refrigerant-charge-calculator
SCN-0429,R-32,A2L,675,"3/8",50,15,35,0.58,112,20.3,132.3,8.269,3.751,0,FALSE,https://hvaclogic.org/calculators/refrigerant-charge-calculator
SCN-0430,R-32,A2L,675,"3/8",50,15,35,0.58,112,20.3,132.3,8.269,3.751,15,FALSE,https://hvaclogic.org/calculators/refrigerant-charge-calculator
SCN-0431,R-32,A2L,675,"3/8",50,15,35,0.58,112,20.3,132.3,8.269,3.751,30,TRUE,https://hvaclogic.org/calculators/refrigerant-charge-calculator
SCN-0432,R-32,A2L,675,"3/8",50,15,35,0.58,112,20.3,132.3,8.269,3.751,45,TRUE,https://hvaclogic.org/calculators/refrigerant-charge-calculator
SCN-0433,R-32,A2L,675,"3/8",50,25,25,0.58,112,14.5,126.5,7.906,3.586,0,FALSE,https://hvaclogic.org/calculators/refrigerant-charge-calculator
SCN-0434,R-32,A2L,675,"3/8",50,25,25,0.58,112,14.5,126.5,7.906,3.586,15,FALSE,https://hvaclogic.org/calculators/refrigerant-charge-calculator
SCN-0435,R-32,A2L,675,"3/8",50,25,25,0.58,112,14.5,126.5,7.906,3.586,30,TRUE,https://hvaclogic.org/calculators/refrigerant-charge-calculator
SCN-0436,R-32,A2L,675,"3/8",50,25,25,0.58,112,14.5,126.5,7.906,3.586,45,TRUE,https://hvaclogic.org/calculators/refrigerant-charge-calculator
SCN-0437,R-32,A2L,675,"3/8",60,15,45,0.58,112,26.1,138.1,8.631,3.915,0,FALSE,https://hvaclogic.org/calculators/refrigerant-charge-calculator
SCN-0438,R-32,A2L,675,"3/8",60,15,45,0.58,112,26.1,138.1,8.631,3.915,15,FALSE,https://hvaclogic.org/calculators/refrigerant-charge-calculator
SCN-0439,R-32,A2L,675,"3/8",60,15,45,0.58,112,26.1,138.1,8.631,3.915,30,TRUE,https://hvaclogic.org/calculators/refrigerant-charge-calculator
SCN-0440,R-32,A2L,675,"3/8",60,15,45,0.58,112,26.1,138.1,8.631,3.915,45,TRUE,https://hvaclogic.org/calculators/refrigerant-charge-calculator
SCN-0441,R-32,A2L,675,"3/8",60,25,35,0.58,112,20.3,132.3,8.269,3.751,0,FALSE,https://hvaclogic.org/calculators/refrigerant-charge-calculator
SCN-0442,R-32,A2L,675,"3/8",60,25,35,0.58,112,20.3,132.3,8.269,3.751,15,FALSE,https://hvaclogic.org/calculators/refrigerant-charge-calculator
SCN-0443,R-32,A2L,675,"3/8",60,25,35,0.58,112,20.3,132.3,8.269,3.751,30,TRUE,https://hvaclogic.org/calculators/refrigerant-charge-calculator
SCN-0444,R-32,A2L,675,"3/8",60,25,35,0.58,112,20.3,132.3,8.269,3.751,45,TRUE,https://hvaclogic.org/calculators/refrigerant-charge-calculator
SCN-0445,R-32,A2L,675,"3/8",75,15,60,0.58,112,34.8,146.8,9.175,4.162,0,FALSE,https://hvaclogic.org/calculators/refrigerant-charge-calculator
SCN-0446,R-32,A2L,675,"3/8",75,15,60,0.58,112,34.8,146.8,9.175,4.162,15,FALSE,https://hvaclogic.org/calculators/refrigerant-charge-calculator
SCN-0447,R-32,A2L,675,"3/8",75,15,60,0.58,112,34.8,146.8,9.175,4.162,30,TRUE,https://hvaclogic.org/calculators/refrigerant-charge-calculator
SCN-0448,R-32,A2L,675,"3/8",75,15,60,0.58,112,34.8,146.8,9.175,4.162,45,TRUE,https://hvaclogic.org/calculators/refrigerant-charge-calculator
SCN-0449,R-32,A2L,675,"3/8",75,25,50,0.58,112,29,141,8.813,3.998,0,FALSE,https://hvaclogic.org/calculators/refrigerant-charge-calculator
SCN-0450,R-32,A2L,675,"3/8",75,25,50,0.58,112,29,141,8.813,3.998,15,FALSE,https://hvaclogic.org/calculators/refrigerant-charge-calculator
SCN-0451,R-32,A2L,675,"3/8",75,25,50,0.58,112,29,141,8.813,3.998,30,TRUE,https://hvaclogic.org/calculators/refrigerant-charge-calculator
SCN-0452,R-32,A2L,675,"3/8",75,25,50,0.58,112,29,141,8.813,3.998,45,TRUE,https://hvaclogic.org/calculators/refrigerant-charge-calculator
SCN-0453,R-32,A2L,675,"3/8",100,15,85,0.58,112,49.3,161.3,10.081,4.573,0,FALSE,https://hvaclogic.org/calculators/refrigerant-charge-calculator
SCN-0454,R-32,A2L,675,"3/8",100,15,85,0.58,112,49.3,161.3,10.081,4.573,15,FALSE,https://hvaclogic.org/calculators/refrigerant-charge-calculator
SCN-0455,R-32,A2L,675,"3/8",100,15,85,0.58,112,49.3,161.3,10.081,4.573,30,TRUE,https://hvaclogic.org/calculators/refrigerant-charge-calculator
SCN-0456,R-32,A2L,675,"3/8",100,15,85,0.58,112,49.3,161.3,10.081,4.573,45,TRUE,https://hvaclogic.org/calculators/refrigerant-charge-calculator
SCN-0457,R-32,A2L,675,"3/8",100,25,75,0.58,112,43.5,155.5,9.719,4.408,0,FALSE,https://hvaclogic.org/calculators/refrigerant-charge-calculator
SCN-0458,R-32,A2L,675,"3/8",100,25,75,0.58,112,43.5,155.5,9.719,4.408,15,FALSE,https://hvaclogic.org/calculators/refrigerant-charge-calculator
SCN-0459,R-32,A2L,675,"3/8",100,25,75,0.58,112,43.5,155.5,9.719,4.408,30,TRUE,https://hvaclogic.org/calculators/refrigerant-charge-calculator
SCN-0460,R-32,A2L,675,"3/8",100,25,75,0.58,112,43.5,155.5,9.719,4.408,45,TRUE,https://hvaclogic.org/calculators/refrigerant-charge-calculator
SCN-0461,R-32,A2L,675,"3/8",125,15,110,0.58,112,63.8,175.8,10.988,4.984,0,FALSE,https://hvaclogic.org/calculators/refrigerant-charge-calculator
SCN-0462,R-32,A2L,675,"3/8",125,15,110,0.58,112,63.8,175.8,10.988,4.984,15,FALSE,https://hvaclogic.org/calculators/refrigerant-charge-calculator
SCN-0463,R-32,A2L,675,"3/8",125,15,110,0.58,112,63.8,175.8,10.988,4.984,30,TRUE,https://hvaclogic.org/calculators/refrigerant-charge-calculator
SCN-0464,R-32,A2L,675,"3/8",125,15,110,0.58,112,63.8,175.8,10.988,4.984,45,TRUE,https://hvaclogic.org/calculators/refrigerant-charge-calculator
SCN-0465,R-32,A2L,675,"3/8",125,25,100,0.58,112,58,170,10.625,4.819,0,FALSE,https://hvaclogic.org/calculators/refrigerant-charge-calculator
SCN-0466,R-32,A2L,675,"3/8",125,25,100,0.58,112,58,170,10.625,4.819,15,FALSE,https://hvaclogic.org/calculators/refrigerant-charge-calculator
SCN-0467,R-32,A2L,675,"3/8",125,25,100,0.58,112,58,170,10.625,4.819,30,TRUE,https://hvaclogic.org/calculators/refrigerant-charge-calculator
SCN-0468,R-32,A2L,675,"3/8",125,25,100,0.58,112,58,170,10.625,4.819,45,TRUE,https://hvaclogic.org/calculators/refrigerant-charge-calculator
SCN-0469,R-32,A2L,675,"3/8",150,15,135,0.58,112,78.3,190.3,11.894,5.395,0,FALSE,https://hvaclogic.org/calculators/refrigerant-charge-calculator
SCN-0470,R-32,A2L,675,"3/8",150,15,135,0.58,112,78.3,190.3,11.894,5.395,15,FALSE,https://hvaclogic.org/calculators/refrigerant-charge-calculator
SCN-0471,R-32,A2L,675,"3/8",150,15,135,0.58,112,78.3,190.3,11.894,5.395,30,TRUE,https://hvaclogic.org/calculators/refrigerant-charge-calculator
SCN-0472,R-32,A2L,675,"3/8",150,15,135,0.58,112,78.3,190.3,11.894,5.395,45,TRUE,https://hvaclogic.org/calculators/refrigerant-charge-calculator
SCN-0473,R-32,A2L,675,"3/8",150,25,125,0.58,112,72.5,184.5,11.531,5.23,0,FALSE,https://hvaclogic.org/calculators/refrigerant-charge-calculator
SCN-0474,R-32,A2L,675,"3/8",150,25,125,0.58,112,72.5,184.5,11.531,5.23,15,FALSE,https://hvaclogic.org/calculators/refrigerant-charge-calculator
SCN-0475,R-32,A2L,675,"3/8",150,25,125,0.58,112,72.5,184.5,11.531,5.23,30,TRUE,https://hvaclogic.org/calculators/refrigerant-charge-calculator
SCN-0476,R-32,A2L,675,"3/8",150,25,125,0.58,112,72.5,184.5,11.531,5.23,45,TRUE,https://hvaclogic.org/calculators/refrigerant-charge-calculator
SCN-0477,R-32,A2L,675,"1/2",15,15,0,1.12,144,0,144,9,4.082,0,FALSE,https://hvaclogic.org/calculators/refrigerant-charge-calculator
SCN-0478,R-32,A2L,675,"1/2",15,15,0,1.12,144,0,144,9,4.082,15,FALSE,https://hvaclogic.org/calculators/refrigerant-charge-calculator
SCN-0479,R-32,A2L,675,"1/2",20,15,5,1.12,144,5.6,149.6,9.35,4.241,0,FALSE,https://hvaclogic.org/calculators/refrigerant-charge-calculator
SCN-0480,R-32,A2L,675,"1/2",20,15,5,1.12,144,5.6,149.6,9.35,4.241,15,FALSE,https://hvaclogic.org/calculators/refrigerant-charge-calculator
SCN-0481,R-32,A2L,675,"1/2",25,15,10,1.12,144,11.2,155.2,9.7,4.4,0,FALSE,https://hvaclogic.org/calculators/refrigerant-charge-calculator
SCN-0482,R-32,A2L,675,"1/2",25,15,10,1.12,144,11.2,155.2,9.7,4.4,15,FALSE,https://hvaclogic.org/calculators/refrigerant-charge-calculator
SCN-0483,R-32,A2L,675,"1/2",25,25,0,1.12,144,0,144,9,4.082,0,FALSE,https://hvaclogic.org/calculators/refrigerant-charge-calculator
SCN-0484,R-32,A2L,675,"1/2",25,25,0,1.12,144,0,144,9,4.082,15,FALSE,https://hvaclogic.org/calculators/refrigerant-charge-calculator
SCN-0485,R-32,A2L,675,"1/2",30,15,15,1.12,144,16.8,160.8,10.05,4.559,0,FALSE,https://hvaclogic.org/calculators/refrigerant-charge-calculator
SCN-0486,R-32,A2L,675,"1/2",30,15,15,1.12,144,16.8,160.8,10.05,4.559,15,FALSE,https://hvaclogic.org/calculators/refrigerant-charge-calculator
SCN-0487,R-32,A2L,675,"1/2",30,15,15,1.12,144,16.8,160.8,10.05,4.559,30,TRUE,https://hvaclogic.org/calculators/refrigerant-charge-calculator
SCN-0488,R-32,A2L,675,"1/2",30,25,5,1.12,144,5.6,149.6,9.35,4.241,0,FALSE,https://hvaclogic.org/calculators/refrigerant-charge-calculator
SCN-0489,R-32,A2L,675,"1/2",30,25,5,1.12,144,5.6,149.6,9.35,4.241,15,FALSE,https://hvaclogic.org/calculators/refrigerant-charge-calculator
SCN-0490,R-32,A2L,675,"1/2",30,25,5,1.12,144,5.6,149.6,9.35,4.241,30,TRUE,https://hvaclogic.org/calculators/refrigerant-charge-calculator
SCN-0491,R-32,A2L,675,"1/2",40,15,25,1.12,144,28,172,10.75,4.876,0,FALSE,https://hvaclogic.org/calculators/refrigerant-charge-calculator
SCN-0492,R-32,A2L,675,"1/2",40,15,25,1.12,144,28,172,10.75,4.876,15,FALSE,https://hvaclogic.org/calculators/refrigerant-charge-calculator
SCN-0493,R-32,A2L,675,"1/2",40,15,25,1.12,144,28,172,10.75,4.876,30,TRUE,https://hvaclogic.org/calculators/refrigerant-charge-calculator
SCN-0494,R-32,A2L,675,"1/2",40,25,15,1.12,144,16.8,160.8,10.05,4.559,0,FALSE,https://hvaclogic.org/calculators/refrigerant-charge-calculator
SCN-0495,R-32,A2L,675,"1/2",40,25,15,1.12,144,16.8,160.8,10.05,4.559,15,FALSE,https://hvaclogic.org/calculators/refrigerant-charge-calculator
SCN-0496,R-32,A2L,675,"1/2",40,25,15,1.12,144,16.8,160.8,10.05,4.559,30,TRUE,https://hvaclogic.org/calculators/refrigerant-charge-calculator
SCN-0497,R-32,A2L,675,"1/2",50,15,35,1.12,144,39.2,183.2,11.45,5.194,0,FALSE,https://hvaclogic.org/calculators/refrigerant-charge-calculator
SCN-0498,R-32,A2L,675,"1/2",50,15,35,1.12,144,39.2,183.2,11.45,5.194,15,FALSE,https://hvaclogic.org/calculators/refrigerant-charge-calculator
SCN-0499,R-32,A2L,675,"1/2",50,15,35,1.12,144,39.2,183.2,11.45,5.194,30,TRUE,https://hvaclogic.org/calculators/refrigerant-charge-calculator
SCN-0500,R-32,A2L,675,"1/2",50,15,35,1.12,144,39.2,183.2,11.45,5.194,45,TRUE,https://hvaclogic.org/calculators/refrigerant-charge-calculator
SCN-0501,R-32,A2L,675,"1/2",50,25,25,1.12,144,28,172,10.75,4.876,0,FALSE,https://hvaclogic.org/calculators/refrigerant-charge-calculator
SCN-0502,R-32,A2L,675,"1/2",50,25,25,1.12,144,28,172,10.75,4.876,15,FALSE,https://hvaclogic.org/calculators/refrigerant-charge-calculator
SCN-0503,R-32,A2L,675,"1/2",50,25,25,1.12,144,28,172,10.75,4.876,30,TRUE,https://hvaclogic.org/calculators/refrigerant-charge-calculator
SCN-0504,R-32,A2L,675,"1/2",50,25,25,1.12,144,28,172,10.75,4.876,45,TRUE,https://hvaclogic.org/calculators/refrigerant-charge-calculator
SCN-0505,R-32,A2L,675,"1/2",60,15,45,1.12,144,50.4,194.4,12.15,5.511,0,FALSE,https://hvaclogic.org/calculators/refrigerant-charge-calculator
SCN-0506,R-32,A2L,675,"1/2",60,15,45,1.12,144,50.4,194.4,12.15,5.511,15,FALSE,https://hvaclogic.org/calculators/refrigerant-charge-calculator
SCN-0507,R-32,A2L,675,"1/2",60,15,45,1.12,144,50.4,194.4,12.15,5.511,30,TRUE,https://hvaclogic.org/calculators/refrigerant-charge-calculator
SCN-0508,R-32,A2L,675,"1/2",60,15,45,1.12,144,50.4,194.4,12.15,5.511,45,TRUE,https://hvaclogic.org/calculators/refrigerant-charge-calculator
SCN-0509,R-32,A2L,675,"1/2",60,25,35,1.12,144,39.2,183.2,11.45,5.194,0,FALSE,https://hvaclogic.org/calculators/refrigerant-charge-calculator
SCN-0510,R-32,A2L,675,"1/2",60,25,35,1.12,144,39.2,183.2,11.45,5.194,15,FALSE,https://hvaclogic.org/calculators/refrigerant-charge-calculator
SCN-0511,R-32,A2L,675,"1/2",60,25,35,1.12,144,39.2,183.2,11.45,5.194,30,TRUE,https://hvaclogic.org/calculators/refrigerant-charge-calculator
SCN-0512,R-32,A2L,675,"1/2",60,25,35,1.12,144,39.2,183.2,11.45,5.194,45,TRUE,https://hvaclogic.org/calculators/refrigerant-charge-calculator
SCN-0513,R-32,A2L,675,"1/2",75,15,60,1.12,144,67.2,211.2,13.2,5.987,0,FALSE,https://hvaclogic.org/calculators/refrigerant-charge-calculator
SCN-0514,R-32,A2L,675,"1/2",75,15,60,1.12,144,67.2,211.2,13.2,5.987,15,FALSE,https://hvaclogic.org/calculators/refrigerant-charge-calculator
SCN-0515,R-32,A2L,675,"1/2",75,15,60,1.12,144,67.2,211.2,13.2,5.987,30,TRUE,https://hvaclogic.org/calculators/refrigerant-charge-calculator
SCN-0516,R-32,A2L,675,"1/2",75,15,60,1.12,144,67.2,211.2,13.2,5.987,45,TRUE,https://hvaclogic.org/calculators/refrigerant-charge-calculator
SCN-0517,R-32,A2L,675,"1/2",75,25,50,1.12,144,56,200,12.5,5.67,0,FALSE,https://hvaclogic.org/calculators/refrigerant-charge-calculator
SCN-0518,R-32,A2L,675,"1/2",75,25,50,1.12,144,56,200,12.5,5.67,15,FALSE,https://hvaclogic.org/calculators/refrigerant-charge-calculator
SCN-0519,R-32,A2L,675,"1/2",75,25,50,1.12,144,56,200,12.5,5.67,30,TRUE,https://hvaclogic.org/calculators/refrigerant-charge-calculator
SCN-0520,R-32,A2L,675,"1/2",75,25,50,1.12,144,56,200,12.5,5.67,45,TRUE,https://hvaclogic.org/calculators/refrigerant-charge-calculator
SCN-0521,R-32,A2L,675,"1/2",100,15,85,1.12,144,95.2,239.2,14.95,6.781,0,FALSE,https://hvaclogic.org/calculators/refrigerant-charge-calculator
SCN-0522,R-32,A2L,675,"1/2",100,15,85,1.12,144,95.2,239.2,14.95,6.781,15,FALSE,https://hvaclogic.org/calculators/refrigerant-charge-calculator
SCN-0523,R-32,A2L,675,"1/2",100,15,85,1.12,144,95.2,239.2,14.95,6.781,30,TRUE,https://hvaclogic.org/calculators/refrigerant-charge-calculator
SCN-0524,R-32,A2L,675,"1/2",100,15,85,1.12,144,95.2,239.2,14.95,6.781,45,TRUE,https://hvaclogic.org/calculators/refrigerant-charge-calculator
SCN-0525,R-32,A2L,675,"1/2",100,25,75,1.12,144,84,228,14.25,6.464,0,FALSE,https://hvaclogic.org/calculators/refrigerant-charge-calculator
SCN-0526,R-32,A2L,675,"1/2",100,25,75,1.12,144,84,228,14.25,6.464,15,FALSE,https://hvaclogic.org/calculators/refrigerant-charge-calculator
SCN-0527,R-32,A2L,675,"1/2",100,25,75,1.12,144,84,228,14.25,6.464,30,TRUE,https://hvaclogic.org/calculators/refrigerant-charge-calculator
SCN-0528,R-32,A2L,675,"1/2",100,25,75,1.12,144,84,228,14.25,6.464,45,TRUE,https://hvaclogic.org/calculators/refrigerant-charge-calculator
SCN-0529,R-32,A2L,675,"1/2",125,15,110,1.12,144,123.2,267.2,16.7,7.575,0,FALSE,https://hvaclogic.org/calculators/refrigerant-charge-calculator
SCN-0530,R-32,A2L,675,"1/2",125,15,110,1.12,144,123.2,267.2,16.7,7.575,15,FALSE,https://hvaclogic.org/calculators/refrigerant-charge-calculator
SCN-0531,R-32,A2L,675,"1/2",125,15,110,1.12,144,123.2,267.2,16.7,7.575,30,TRUE,https://hvaclogic.org/calculators/refrigerant-charge-calculator
SCN-0532,R-32,A2L,675,"1/2",125,15,110,1.12,144,123.2,267.2,16.7,7.575,45,TRUE,https://hvaclogic.org/calculators/refrigerant-charge-calculator
SCN-0533,R-32,A2L,675,"1/2",125,25,100,1.12,144,112,256,16,7.257,0,FALSE,https://hvaclogic.org/calculators/refrigerant-charge-calculator
SCN-0534,R-32,A2L,675,"1/2",125,25,100,1.12,144,112,256,16,7.257,15,FALSE,https://hvaclogic.org/calculators/refrigerant-charge-calculator
SCN-0535,R-32,A2L,675,"1/2",125,25,100,1.12,144,112,256,16,7.257,30,TRUE,https://hvaclogic.org/calculators/refrigerant-charge-calculator
SCN-0536,R-32,A2L,675,"1/2",125,25,100,1.12,144,112,256,16,7.257,45,TRUE,https://hvaclogic.org/calculators/refrigerant-charge-calculator
SCN-0537,R-32,A2L,675,"1/2",150,15,135,1.12,144,151.2,295.2,18.45,8.369,0,FALSE,https://hvaclogic.org/calculators/refrigerant-charge-calculator
SCN-0538,R-32,A2L,675,"1/2",150,15,135,1.12,144,151.2,295.2,18.45,8.369,15,FALSE,https://hvaclogic.org/calculators/refrigerant-charge-calculator
SCN-0539,R-32,A2L,675,"1/2",150,15,135,1.12,144,151.2,295.2,18.45,8.369,30,TRUE,https://hvaclogic.org/calculators/refrigerant-charge-calculator
SCN-0540,R-32,A2L,675,"1/2",150,15,135,1.12,144,151.2,295.2,18.45,8.369,45,TRUE,https://hvaclogic.org/calculators/refrigerant-charge-calculator
SCN-0541,R-32,A2L,675,"1/2",150,25,125,1.12,144,140,284,17.75,8.051,0,FALSE,https://hvaclogic.org/calculators/refrigerant-charge-calculator
SCN-0542,R-32,A2L,675,"1/2",150,25,125,1.12,144,140,284,17.75,8.051,15,FALSE,https://hvaclogic.org/calculators/refrigerant-charge-calculator
SCN-0543,R-32,A2L,675,"1/2",150,25,125,1.12,144,140,284,17.75,8.051,30,TRUE,https://hvaclogic.org/calculators/refrigerant-charge-calculator
SCN-0544,R-32,A2L,675,"1/2",150,25,125,1.12,144,140,284,17.75,8.051,45,TRUE,https://hvaclogic.org/calculators/refrigerant-charge-calculator
SCN-0545,R-410A,A1,2088,"1/4",15,15,0,0.2,64,0,64,4,1.814,0,FALSE,https://hvaclogic.org/calculators/refrigerant-charge-calculator
SCN-0546,R-410A,A1,2088,"1/4",15,15,0,0.2,64,0,64,4,1.814,15,FALSE,https://hvaclogic.org/calculators/refrigerant-charge-calculator
SCN-0547,R-410A,A1,2088,"1/4",20,15,5,0.2,64,1,65,4.063,1.843,0,FALSE,https://hvaclogic.org/calculators/refrigerant-charge-calculator
SCN-0548,R-410A,A1,2088,"1/4",20,15,5,0.2,64,1,65,4.063,1.843,15,FALSE,https://hvaclogic.org/calculators/refrigerant-charge-calculator
SCN-0549,R-410A,A1,2088,"1/4",25,15,10,0.2,64,2,66,4.125,1.871,0,FALSE,https://hvaclogic.org/calculators/refrigerant-charge-calculator
SCN-0550,R-410A,A1,2088,"1/4",25,15,10,0.2,64,2,66,4.125,1.871,15,FALSE,https://hvaclogic.org/calculators/refrigerant-charge-calculator
SCN-0551,R-410A,A1,2088,"1/4",25,25,0,0.2,64,0,64,4,1.814,0,FALSE,https://hvaclogic.org/calculators/refrigerant-charge-calculator
SCN-0552,R-410A,A1,2088,"1/4",25,25,0,0.2,64,0,64,4,1.814,15,FALSE,https://hvaclogic.org/calculators/refrigerant-charge-calculator
SCN-0553,R-410A,A1,2088,"1/4",30,15,15,0.2,64,3,67,4.188,1.9,0,FALSE,https://hvaclogic.org/calculators/refrigerant-charge-calculator
SCN-0554,R-410A,A1,2088,"1/4",30,15,15,0.2,64,3,67,4.188,1.9,15,FALSE,https://hvaclogic.org/calculators/refrigerant-charge-calculator
SCN-0555,R-410A,A1,2088,"1/4",30,15,15,0.2,64,3,67,4.188,1.9,30,TRUE,https://hvaclogic.org/calculators/refrigerant-charge-calculator
SCN-0556,R-410A,A1,2088,"1/4",30,25,5,0.2,64,1,65,4.063,1.843,0,FALSE,https://hvaclogic.org/calculators/refrigerant-charge-calculator
SCN-0557,R-410A,A1,2088,"1/4",30,25,5,0.2,64,1,65,4.063,1.843,15,FALSE,https://hvaclogic.org/calculators/refrigerant-charge-calculator
SCN-0558,R-410A,A1,2088,"1/4",30,25,5,0.2,64,1,65,4.063,1.843,30,TRUE,https://hvaclogic.org/calculators/refrigerant-charge-calculator
SCN-0559,R-410A,A1,2088,"1/4",40,15,25,0.2,64,5,69,4.313,1.956,0,FALSE,https://hvaclogic.org/calculators/refrigerant-charge-calculator
SCN-0560,R-410A,A1,2088,"1/4",40,15,25,0.2,64,5,69,4.313,1.956,15,FALSE,https://hvaclogic.org/calculators/refrigerant-charge-calculator
SCN-0561,R-410A,A1,2088,"1/4",40,15,25,0.2,64,5,69,4.313,1.956,30,TRUE,https://hvaclogic.org/calculators/refrigerant-charge-calculator
SCN-0562,R-410A,A1,2088,"1/4",40,25,15,0.2,64,3,67,4.188,1.9,0,FALSE,https://hvaclogic.org/calculators/refrigerant-charge-calculator
SCN-0563,R-410A,A1,2088,"1/4",40,25,15,0.2,64,3,67,4.188,1.9,15,FALSE,https://hvaclogic.org/calculators/refrigerant-charge-calculator
SCN-0564,R-410A,A1,2088,"1/4",40,25,15,0.2,64,3,67,4.188,1.9,30,TRUE,https://hvaclogic.org/calculators/refrigerant-charge-calculator
SCN-0565,R-410A,A1,2088,"1/4",50,15,35,0.2,64,7,71,4.438,2.013,0,FALSE,https://hvaclogic.org/calculators/refrigerant-charge-calculator
SCN-0566,R-410A,A1,2088,"1/4",50,15,35,0.2,64,7,71,4.438,2.013,15,FALSE,https://hvaclogic.org/calculators/refrigerant-charge-calculator
SCN-0567,R-410A,A1,2088,"1/4",50,15,35,0.2,64,7,71,4.438,2.013,30,TRUE,https://hvaclogic.org/calculators/refrigerant-charge-calculator
SCN-0568,R-410A,A1,2088,"1/4",50,15,35,0.2,64,7,71,4.438,2.013,45,TRUE,https://hvaclogic.org/calculators/refrigerant-charge-calculator
SCN-0569,R-410A,A1,2088,"1/4",50,25,25,0.2,64,5,69,4.313,1.956,0,FALSE,https://hvaclogic.org/calculators/refrigerant-charge-calculator
SCN-0570,R-410A,A1,2088,"1/4",50,25,25,0.2,64,5,69,4.313,1.956,15,FALSE,https://hvaclogic.org/calculators/refrigerant-charge-calculator
SCN-0571,R-410A,A1,2088,"1/4",50,25,25,0.2,64,5,69,4.313,1.956,30,TRUE,https://hvaclogic.org/calculators/refrigerant-charge-calculator
SCN-0572,R-410A,A1,2088,"1/4",50,25,25,0.2,64,5,69,4.313,1.956,45,TRUE,https://hvaclogic.org/calculators/refrigerant-charge-calculator
SCN-0573,R-410A,A1,2088,"1/4",60,15,45,0.2,64,9,73,4.563,2.07,0,FALSE,https://hvaclogic.org/calculators/refrigerant-charge-calculator
SCN-0574,R-410A,A1,2088,"1/4",60,15,45,0.2,64,9,73,4.563,2.07,15,FALSE,https://hvaclogic.org/calculators/refrigerant-charge-calculator
SCN-0575,R-410A,A1,2088,"1/4",60,15,45,0.2,64,9,73,4.563,2.07,30,TRUE,https://hvaclogic.org/calculators/refrigerant-charge-calculator
SCN-0576,R-410A,A1,2088,"1/4",60,15,45,0.2,64,9,73,4.563,2.07,45,TRUE,https://hvaclogic.org/calculators/refrigerant-charge-calculator
SCN-0577,R-410A,A1,2088,"1/4",60,25,35,0.2,64,7,71,4.438,2.013,0,FALSE,https://hvaclogic.org/calculators/refrigerant-charge-calculator
SCN-0578,R-410A,A1,2088,"1/4",60,25,35,0.2,64,7,71,4.438,2.013,15,FALSE,https://hvaclogic.org/calculators/refrigerant-charge-calculator
SCN-0579,R-410A,A1,2088,"1/4",60,25,35,0.2,64,7,71,4.438,2.013,30,TRUE,https://hvaclogic.org/calculators/refrigerant-charge-calculator
SCN-0580,R-410A,A1,2088,"1/4",60,25,35,0.2,64,7,71,4.438,2.013,45,TRUE,https://hvaclogic.org/calculators/refrigerant-charge-calculator
SCN-0581,R-410A,A1,2088,"1/4",75,15,60,0.2,64,12,76,4.75,2.155,0,FALSE,https://hvaclogic.org/calculators/refrigerant-charge-calculator
SCN-0582,R-410A,A1,2088,"1/4",75,15,60,0.2,64,12,76,4.75,2.155,15,FALSE,https://hvaclogic.org/calculators/refrigerant-charge-calculator
SCN-0583,R-410A,A1,2088,"1/4",75,15,60,0.2,64,12,76,4.75,2.155,30,TRUE,https://hvaclogic.org/calculators/refrigerant-charge-calculator
SCN-0584,R-410A,A1,2088,"1/4",75,15,60,0.2,64,12,76,4.75,2.155,45,TRUE,https://hvaclogic.org/calculators/refrigerant-charge-calculator
SCN-0585,R-410A,A1,2088,"1/4",75,25,50,0.2,64,10,74,4.625,2.098,0,FALSE,https://hvaclogic.org/calculators/refrigerant-charge-calculator
SCN-0586,R-410A,A1,2088,"1/4",75,25,50,0.2,64,10,74,4.625,2.098,15,FALSE,https://hvaclogic.org/calculators/refrigerant-charge-calculator
SCN-0587,R-410A,A1,2088,"1/4",75,25,50,0.2,64,10,74,4.625,2.098,30,TRUE,https://hvaclogic.org/calculators/refrigerant-charge-calculator
SCN-0588,R-410A,A1,2088,"1/4",75,25,50,0.2,64,10,74,4.625,2.098,45,TRUE,https://hvaclogic.org/calculators/refrigerant-charge-calculator
SCN-0589,R-410A,A1,2088,"1/4",100,15,85,0.2,64,17,81,5.063,2.297,0,FALSE,https://hvaclogic.org/calculators/refrigerant-charge-calculator
SCN-0590,R-410A,A1,2088,"1/4",100,15,85,0.2,64,17,81,5.063,2.297,15,FALSE,https://hvaclogic.org/calculators/refrigerant-charge-calculator
SCN-0591,R-410A,A1,2088,"1/4",100,15,85,0.2,64,17,81,5.063,2.297,30,TRUE,https://hvaclogic.org/calculators/refrigerant-charge-calculator
SCN-0592,R-410A,A1,2088,"1/4",100,15,85,0.2,64,17,81,5.063,2.297,45,TRUE,https://hvaclogic.org/calculators/refrigerant-charge-calculator
SCN-0593,R-410A,A1,2088,"1/4",100,25,75,0.2,64,15,79,4.938,2.24,0,FALSE,https://hvaclogic.org/calculators/refrigerant-charge-calculator
SCN-0594,R-410A,A1,2088,"1/4",100,25,75,0.2,64,15,79,4.938,2.24,15,FALSE,https://hvaclogic.org/calculators/refrigerant-charge-calculator
SCN-0595,R-410A,A1,2088,"1/4",100,25,75,0.2,64,15,79,4.938,2.24,30,TRUE,https://hvaclogic.org/calculators/refrigerant-charge-calculator
SCN-0596,R-410A,A1,2088,"1/4",100,25,75,0.2,64,15,79,4.938,2.24,45,TRUE,https://hvaclogic.org/calculators/refrigerant-charge-calculator
SCN-0597,R-410A,A1,2088,"1/4",125,15,110,0.2,64,22,86,5.375,2.438,0,FALSE,https://hvaclogic.org/calculators/refrigerant-charge-calculator
SCN-0598,R-410A,A1,2088,"1/4",125,15,110,0.2,64,22,86,5.375,2.438,15,FALSE,https://hvaclogic.org/calculators/refrigerant-charge-calculator
SCN-0599,R-410A,A1,2088,"1/4",125,15,110,0.2,64,22,86,5.375,2.438,30,TRUE,https://hvaclogic.org/calculators/refrigerant-charge-calculator
SCN-0600,R-410A,A1,2088,"1/4",125,15,110,0.2,64,22,86,5.375,2.438,45,TRUE,https://hvaclogic.org/calculators/refrigerant-charge-calculator
SCN-0601,R-410A,A1,2088,"1/4",125,25,100,0.2,64,20,84,5.25,2.381,0,FALSE,https://hvaclogic.org/calculators/refrigerant-charge-calculator
SCN-0602,R-410A,A1,2088,"1/4",125,25,100,0.2,64,20,84,5.25,2.381,15,FALSE,https://hvaclogic.org/calculators/refrigerant-charge-calculator
SCN-0603,R-410A,A1,2088,"1/4",125,25,100,0.2,64,20,84,5.25,2.381,30,TRUE,https://hvaclogic.org/calculators/refrigerant-charge-calculator
SCN-0604,R-410A,A1,2088,"1/4",125,25,100,0.2,64,20,84,5.25,2.381,45,TRUE,https://hvaclogic.org/calculators/refrigerant-charge-calculator
SCN-0605,R-410A,A1,2088,"1/4",150,15,135,0.2,64,27,91,5.688,2.58,0,FALSE,https://hvaclogic.org/calculators/refrigerant-charge-calculator
SCN-0606,R-410A,A1,2088,"1/4",150,15,135,0.2,64,27,91,5.688,2.58,15,FALSE,https://hvaclogic.org/calculators/refrigerant-charge-calculator
SCN-0607,R-410A,A1,2088,"1/4",150,15,135,0.2,64,27,91,5.688,2.58,30,TRUE,https://hvaclogic.org/calculators/refrigerant-charge-calculator
SCN-0608,R-410A,A1,2088,"1/4",150,15,135,0.2,64,27,91,5.688,2.58,45,TRUE,https://hvaclogic.org/calculators/refrigerant-charge-calculator
SCN-0609,R-410A,A1,2088,"1/4",150,25,125,0.2,64,25,89,5.563,2.523,0,FALSE,https://hvaclogic.org/calculators/refrigerant-charge-calculator
SCN-0610,R-410A,A1,2088,"1/4",150,25,125,0.2,64,25,89,5.563,2.523,15,FALSE,https://hvaclogic.org/calculators/refrigerant-charge-calculator
SCN-0611,R-410A,A1,2088,"1/4",150,25,125,0.2,64,25,89,5.563,2.523,30,TRUE,https://hvaclogic.org/calculators/refrigerant-charge-calculator
SCN-0612,R-410A,A1,2088,"1/4",150,25,125,0.2,64,25,89,5.563,2.523,45,TRUE,https://hvaclogic.org/calculators/refrigerant-charge-calculator
SCN-0613,R-410A,A1,2088,"5/16",15,15,0,0.36,88,0,88,5.5,2.495,0,FALSE,https://hvaclogic.org/calculators/refrigerant-charge-calculator
SCN-0614,R-410A,A1,2088,"5/16",15,15,0,0.36,88,0,88,5.5,2.495,15,FALSE,https://hvaclogic.org/calculators/refrigerant-charge-calculator
SCN-0615,R-410A,A1,2088,"5/16",20,15,5,0.36,88,1.8,89.8,5.612,2.546,0,FALSE,https://hvaclogic.org/calculators/refrigerant-charge-calculator
SCN-0616,R-410A,A1,2088,"5/16",20,15,5,0.36,88,1.8,89.8,5.612,2.546,15,FALSE,https://hvaclogic.org/calculators/refrigerant-charge-calculator
SCN-0617,R-410A,A1,2088,"5/16",25,15,10,0.36,88,3.6,91.6,5.725,2.597,0,FALSE,https://hvaclogic.org/calculators/refrigerant-charge-calculator
SCN-0618,R-410A,A1,2088,"5/16",25,15,10,0.36,88,3.6,91.6,5.725,2.597,15,FALSE,https://hvaclogic.org/calculators/refrigerant-charge-calculator
SCN-0619,R-410A,A1,2088,"5/16",25,25,0,0.36,88,0,88,5.5,2.495,0,FALSE,https://hvaclogic.org/calculators/refrigerant-charge-calculator
SCN-0620,R-410A,A1,2088,"5/16",25,25,0,0.36,88,0,88,5.5,2.495,15,FALSE,https://hvaclogic.org/calculators/refrigerant-charge-calculator
SCN-0621,R-410A,A1,2088,"5/16",30,15,15,0.36,88,5.4,93.4,5.838,2.648,0,FALSE,https://hvaclogic.org/calculators/refrigerant-charge-calculator
SCN-0622,R-410A,A1,2088,"5/16",30,15,15,0.36,88,5.4,93.4,5.838,2.648,15,FALSE,https://hvaclogic.org/calculators/refrigerant-charge-calculator
SCN-0623,R-410A,A1,2088,"5/16",30,15,15,0.36,88,5.4,93.4,5.838,2.648,30,TRUE,https://hvaclogic.org/calculators/refrigerant-charge-calculator
SCN-0624,R-410A,A1,2088,"5/16",30,25,5,0.36,88,1.8,89.8,5.612,2.546,0,FALSE,https://hvaclogic.org/calculators/refrigerant-charge-calculator
SCN-0625,R-410A,A1,2088,"5/16",30,25,5,0.36,88,1.8,89.8,5.612,2.546,15,FALSE,https://hvaclogic.org/calculators/refrigerant-charge-calculator
SCN-0626,R-410A,A1,2088,"5/16",30,25,5,0.36,88,1.8,89.8,5.612,2.546,30,TRUE,https://hvaclogic.org/calculators/refrigerant-charge-calculator
SCN-0627,R-410A,A1,2088,"5/16",40,15,25,0.36,88,9,97,6.063,2.75,0,FALSE,https://hvaclogic.org/calculators/refrigerant-charge-calculator
SCN-0628,R-410A,A1,2088,"5/16",40,15,25,0.36,88,9,97,6.063,2.75,15,FALSE,https://hvaclogic.org/calculators/refrigerant-charge-calculator
SCN-0629,R-410A,A1,2088,"5/16",40,15,25,0.36,88,9,97,6.063,2.75,30,TRUE,https://hvaclogic.org/calculators/refrigerant-charge-calculator
SCN-0630,R-410A,A1,2088,"5/16",40,25,15,0.36,88,5.4,93.4,5.838,2.648,0,FALSE,https://hvaclogic.org/calculators/refrigerant-charge-calculator
SCN-0631,R-410A,A1,2088,"5/16",40,25,15,0.36,88,5.4,93.4,5.838,2.648,15,FALSE,https://hvaclogic.org/calculators/refrigerant-charge-calculator
SCN-0632,R-410A,A1,2088,"5/16",40,25,15,0.36,88,5.4,93.4,5.838,2.648,30,TRUE,https://hvaclogic.org/calculators/refrigerant-charge-calculator
SCN-0633,R-410A,A1,2088,"5/16",50,15,35,0.36,88,12.6,100.6,6.287,2.852,0,FALSE,https://hvaclogic.org/calculators/refrigerant-charge-calculator
SCN-0634,R-410A,A1,2088,"5/16",50,15,35,0.36,88,12.6,100.6,6.287,2.852,15,FALSE,https://hvaclogic.org/calculators/refrigerant-charge-calculator
SCN-0635,R-410A,A1,2088,"5/16",50,15,35,0.36,88,12.6,100.6,6.287,2.852,30,TRUE,https://hvaclogic.org/calculators/refrigerant-charge-calculator
SCN-0636,R-410A,A1,2088,"5/16",50,15,35,0.36,88,12.6,100.6,6.287,2.852,45,TRUE,https://hvaclogic.org/calculators/refrigerant-charge-calculator
SCN-0637,R-410A,A1,2088,"5/16",50,25,25,0.36,88,9,97,6.063,2.75,0,FALSE,https://hvaclogic.org/calculators/refrigerant-charge-calculator
SCN-0638,R-410A,A1,2088,"5/16",50,25,25,0.36,88,9,97,6.063,2.75,15,FALSE,https://hvaclogic.org/calculators/refrigerant-charge-calculator
SCN-0639,R-410A,A1,2088,"5/16",50,25,25,0.36,88,9,97,6.063,2.75,30,TRUE,https://hvaclogic.org/calculators/refrigerant-charge-calculator
SCN-0640,R-410A,A1,2088,"5/16",50,25,25,0.36,88,9,97,6.063,2.75,45,TRUE,https://hvaclogic.org/calculators/refrigerant-charge-calculator
SCN-0641,R-410A,A1,2088,"5/16",60,15,45,0.36,88,16.2,104.2,6.513,2.954,0,FALSE,https://hvaclogic.org/calculators/refrigerant-charge-calculator
SCN-0642,R-410A,A1,2088,"5/16",60,15,45,0.36,88,16.2,104.2,6.513,2.954,15,FALSE,https://hvaclogic.org/calculators/refrigerant-charge-calculator
SCN-0643,R-410A,A1,2088,"5/16",60,15,45,0.36,88,16.2,104.2,6.513,2.954,30,TRUE,https://hvaclogic.org/calculators/refrigerant-charge-calculator
SCN-0644,R-410A,A1,2088,"5/16",60,15,45,0.36,88,16.2,104.2,6.513,2.954,45,TRUE,https://hvaclogic.org/calculators/refrigerant-charge-calculator
SCN-0645,R-410A,A1,2088,"5/16",60,25,35,0.36,88,12.6,100.6,6.287,2.852,0,FALSE,https://hvaclogic.org/calculators/refrigerant-charge-calculator
SCN-0646,R-410A,A1,2088,"5/16",60,25,35,0.36,88,12.6,100.6,6.287,2.852,15,FALSE,https://hvaclogic.org/calculators/refrigerant-charge-calculator
SCN-0647,R-410A,A1,2088,"5/16",60,25,35,0.36,88,12.6,100.6,6.287,2.852,30,TRUE,https://hvaclogic.org/calculators/refrigerant-charge-calculator
SCN-0648,R-410A,A1,2088,"5/16",60,25,35,0.36,88,12.6,100.6,6.287,2.852,45,TRUE,https://hvaclogic.org/calculators/refrigerant-charge-calculator
SCN-0649,R-410A,A1,2088,"5/16",75,15,60,0.36,88,21.6,109.6,6.85,3.107,0,FALSE,https://hvaclogic.org/calculators/refrigerant-charge-calculator
SCN-0650,R-410A,A1,2088,"5/16",75,15,60,0.36,88,21.6,109.6,6.85,3.107,15,FALSE,https://hvaclogic.org/calculators/refrigerant-charge-calculator
SCN-0651,R-410A,A1,2088,"5/16",75,15,60,0.36,88,21.6,109.6,6.85,3.107,30,TRUE,https://hvaclogic.org/calculators/refrigerant-charge-calculator
SCN-0652,R-410A,A1,2088,"5/16",75,15,60,0.36,88,21.6,109.6,6.85,3.107,45,TRUE,https://hvaclogic.org/calculators/refrigerant-charge-calculator
SCN-0653,R-410A,A1,2088,"5/16",75,25,50,0.36,88,18,106,6.625,3.005,0,FALSE,https://hvaclogic.org/calculators/refrigerant-charge-calculator
SCN-0654,R-410A,A1,2088,"5/16",75,25,50,0.36,88,18,106,6.625,3.005,15,FALSE,https://hvaclogic.org/calculators/refrigerant-charge-calculator
SCN-0655,R-410A,A1,2088,"5/16",75,25,50,0.36,88,18,106,6.625,3.005,30,TRUE,https://hvaclogic.org/calculators/refrigerant-charge-calculator
SCN-0656,R-410A,A1,2088,"5/16",75,25,50,0.36,88,18,106,6.625,3.005,45,TRUE,https://hvaclogic.org/calculators/refrigerant-charge-calculator
SCN-0657,R-410A,A1,2088,"5/16",100,15,85,0.36,88,30.6,118.6,7.412,3.362,0,FALSE,https://hvaclogic.org/calculators/refrigerant-charge-calculator
SCN-0658,R-410A,A1,2088,"5/16",100,15,85,0.36,88,30.6,118.6,7.412,3.362,15,FALSE,https://hvaclogic.org/calculators/refrigerant-charge-calculator
SCN-0659,R-410A,A1,2088,"5/16",100,15,85,0.36,88,30.6,118.6,7.412,3.362,30,TRUE,https://hvaclogic.org/calculators/refrigerant-charge-calculator
SCN-0660,R-410A,A1,2088,"5/16",100,15,85,0.36,88,30.6,118.6,7.412,3.362,45,TRUE,https://hvaclogic.org/calculators/refrigerant-charge-calculator
SCN-0661,R-410A,A1,2088,"5/16",100,25,75,0.36,88,27,115,7.188,3.26,0,FALSE,https://hvaclogic.org/calculators/refrigerant-charge-calculator
SCN-0662,R-410A,A1,2088,"5/16",100,25,75,0.36,88,27,115,7.188,3.26,15,FALSE,https://hvaclogic.org/calculators/refrigerant-charge-calculator
SCN-0663,R-410A,A1,2088,"5/16",100,25,75,0.36,88,27,115,7.188,3.26,30,TRUE,https://hvaclogic.org/calculators/refrigerant-charge-calculator
SCN-0664,R-410A,A1,2088,"5/16",100,25,75,0.36,88,27,115,7.188,3.26,45,TRUE,https://hvaclogic.org/calculators/refrigerant-charge-calculator
SCN-0665,R-410A,A1,2088,"5/16",125,15,110,0.36,88,39.6,127.6,7.975,3.617,0,FALSE,https://hvaclogic.org/calculators/refrigerant-charge-calculator
SCN-0666,R-410A,A1,2088,"5/16",125,15,110,0.36,88,39.6,127.6,7.975,3.617,15,FALSE,https://hvaclogic.org/calculators/refrigerant-charge-calculator
SCN-0667,R-410A,A1,2088,"5/16",125,15,110,0.36,88,39.6,127.6,7.975,3.617,30,TRUE,https://hvaclogic.org/calculators/refrigerant-charge-calculator
SCN-0668,R-410A,A1,2088,"5/16",125,15,110,0.36,88,39.6,127.6,7.975,3.617,45,TRUE,https://hvaclogic.org/calculators/refrigerant-charge-calculator
SCN-0669,R-410A,A1,2088,"5/16",125,25,100,0.36,88,36,124,7.75,3.515,0,FALSE,https://hvaclogic.org/calculators/refrigerant-charge-calculator
SCN-0670,R-410A,A1,2088,"5/16",125,25,100,0.36,88,36,124,7.75,3.515,15,FALSE,https://hvaclogic.org/calculators/refrigerant-charge-calculator
SCN-0671,R-410A,A1,2088,"5/16",125,25,100,0.36,88,36,124,7.75,3.515,30,TRUE,https://hvaclogic.org/calculators/refrigerant-charge-calculator
SCN-0672,R-410A,A1,2088,"5/16",125,25,100,0.36,88,36,124,7.75,3.515,45,TRUE,https://hvaclogic.org/calculators/refrigerant-charge-calculator
SCN-0673,R-410A,A1,2088,"5/16",150,15,135,0.36,88,48.6,136.6,8.537,3.872,0,FALSE,https://hvaclogic.org/calculators/refrigerant-charge-calculator
SCN-0674,R-410A,A1,2088,"5/16",150,15,135,0.36,88,48.6,136.6,8.537,3.872,15,FALSE,https://hvaclogic.org/calculators/refrigerant-charge-calculator
SCN-0675,R-410A,A1,2088,"5/16",150,15,135,0.36,88,48.6,136.6,8.537,3.872,30,TRUE,https://hvaclogic.org/calculators/refrigerant-charge-calculator
SCN-0676,R-410A,A1,2088,"5/16",150,15,135,0.36,88,48.6,136.6,8.537,3.872,45,TRUE,https://hvaclogic.org/calculators/refrigerant-charge-calculator
SCN-0677,R-410A,A1,2088,"5/16",150,25,125,0.36,88,45,133,8.313,3.771,0,FALSE,https://hvaclogic.org/calculators/refrigerant-charge-calculator
SCN-0678,R-410A,A1,2088,"5/16",150,25,125,0.36,88,45,133,8.313,3.771,15,FALSE,https://hvaclogic.org/calculators/refrigerant-charge-calculator
SCN-0679,R-410A,A1,2088,"5/16",150,25,125,0.36,88,45,133,8.313,3.771,30,TRUE,https://hvaclogic.org/calculators/refrigerant-charge-calculator
SCN-0680,R-410A,A1,2088,"5/16",150,25,125,0.36,88,45,133,8.313,3.771,45,TRUE,https://hvaclogic.org/calculators/refrigerant-charge-calculator
SCN-0681,R-410A,A1,2088,"3/8",15,15,0,0.6,112,0,112,7,3.175,0,FALSE,https://hvaclogic.org/calculators/refrigerant-charge-calculator
SCN-0682,R-410A,A1,2088,"3/8",15,15,0,0.6,112,0,112,7,3.175,15,FALSE,https://hvaclogic.org/calculators/refrigerant-charge-calculator
SCN-0683,R-410A,A1,2088,"3/8",20,15,5,0.6,112,3,115,7.188,3.26,0,FALSE,https://hvaclogic.org/calculators/refrigerant-charge-calculator
SCN-0684,R-410A,A1,2088,"3/8",20,15,5,0.6,112,3,115,7.188,3.26,15,FALSE,https://hvaclogic.org/calculators/refrigerant-charge-calculator
SCN-0685,R-410A,A1,2088,"3/8",25,15,10,0.6,112,6,118,7.375,3.345,0,FALSE,https://hvaclogic.org/calculators/refrigerant-charge-calculator
SCN-0686,R-410A,A1,2088,"3/8",25,15,10,0.6,112,6,118,7.375,3.345,15,FALSE,https://hvaclogic.org/calculators/refrigerant-charge-calculator
SCN-0687,R-410A,A1,2088,"3/8",25,25,0,0.6,112,0,112,7,3.175,0,FALSE,https://hvaclogic.org/calculators/refrigerant-charge-calculator
SCN-0688,R-410A,A1,2088,"3/8",25,25,0,0.6,112,0,112,7,3.175,15,FALSE,https://hvaclogic.org/calculators/refrigerant-charge-calculator
SCN-0689,R-410A,A1,2088,"3/8",30,15,15,0.6,112,9,121,7.563,3.431,0,FALSE,https://hvaclogic.org/calculators/refrigerant-charge-calculator
SCN-0690,R-410A,A1,2088,"3/8",30,15,15,0.6,112,9,121,7.563,3.431,15,FALSE,https://hvaclogic.org/calculators/refrigerant-charge-calculator
SCN-0691,R-410A,A1,2088,"3/8",30,15,15,0.6,112,9,121,7.563,3.431,30,TRUE,https://hvaclogic.org/calculators/refrigerant-charge-calculator
SCN-0692,R-410A,A1,2088,"3/8",30,25,5,0.6,112,3,115,7.188,3.26,0,FALSE,https://hvaclogic.org/calculators/refrigerant-charge-calculator
SCN-0693,R-410A,A1,2088,"3/8",30,25,5,0.6,112,3,115,7.188,3.26,15,FALSE,https://hvaclogic.org/calculators/refrigerant-charge-calculator
SCN-0694,R-410A,A1,2088,"3/8",30,25,5,0.6,112,3,115,7.188,3.26,30,TRUE,https://hvaclogic.org/calculators/refrigerant-charge-calculator
SCN-0695,R-410A,A1,2088,"3/8",40,15,25,0.6,112,15,127,7.938,3.601,0,FALSE,https://hvaclogic.org/calculators/refrigerant-charge-calculator
SCN-0696,R-410A,A1,2088,"3/8",40,15,25,0.6,112,15,127,7.938,3.601,15,FALSE,https://hvaclogic.org/calculators/refrigerant-charge-calculator
SCN-0697,R-410A,A1,2088,"3/8",40,15,25,0.6,112,15,127,7.938,3.601,30,TRUE,https://hvaclogic.org/calculators/refrigerant-charge-calculator
SCN-0698,R-410A,A1,2088,"3/8",40,25,15,0.6,112,9,121,7.563,3.431,0,FALSE,https://hvaclogic.org/calculators/refrigerant-charge-calculator
SCN-0699,R-410A,A1,2088,"3/8",40,25,15,0.6,112,9,121,7.563,3.431,15,FALSE,https://hvaclogic.org/calculators/refrigerant-charge-calculator
SCN-0700,R-410A,A1,2088,"3/8",40,25,15,0.6,112,9,121,7.563,3.431,30,TRUE,https://hvaclogic.org/calculators/refrigerant-charge-calculator
SCN-0701,R-410A,A1,2088,"3/8",50,15,35,0.6,112,21,133,8.313,3.771,0,FALSE,https://hvaclogic.org/calculators/refrigerant-charge-calculator
SCN-0702,R-410A,A1,2088,"3/8",50,15,35,0.6,112,21,133,8.313,3.771,15,FALSE,https://hvaclogic.org/calculators/refrigerant-charge-calculator
SCN-0703,R-410A,A1,2088,"3/8",50,15,35,0.6,112,21,133,8.313,3.771,30,TRUE,https://hvaclogic.org/calculators/refrigerant-charge-calculator
SCN-0704,R-410A,A1,2088,"3/8",50,15,35,0.6,112,21,133,8.313,3.771,45,TRUE,https://hvaclogic.org/calculators/refrigerant-charge-calculator
SCN-0705,R-410A,A1,2088,"3/8",50,25,25,0.6,112,15,127,7.938,3.601,0,FALSE,https://hvaclogic.org/calculators/refrigerant-charge-calculator
SCN-0706,R-410A,A1,2088,"3/8",50,25,25,0.6,112,15,127,7.938,3.601,15,FALSE,https://hvaclogic.org/calculators/refrigerant-charge-calculator
SCN-0707,R-410A,A1,2088,"3/8",50,25,25,0.6,112,15,127,7.938,3.601,30,TRUE,https://hvaclogic.org/calculators/refrigerant-charge-calculator
SCN-0708,R-410A,A1,2088,"3/8",50,25,25,0.6,112,15,127,7.938,3.601,45,TRUE,https://hvaclogic.org/calculators/refrigerant-charge-calculator
SCN-0709,R-410A,A1,2088,"3/8",60,15,45,0.6,112,27,139,8.688,3.941,0,FALSE,https://hvaclogic.org/calculators/refrigerant-charge-calculator
SCN-0710,R-410A,A1,2088,"3/8",60,15,45,0.6,112,27,139,8.688,3.941,15,FALSE,https://hvaclogic.org/calculators/refrigerant-charge-calculator
SCN-0711,R-410A,A1,2088,"3/8",60,15,45,0.6,112,27,139,8.688,3.941,30,TRUE,https://hvaclogic.org/calculators/refrigerant-charge-calculator
SCN-0712,R-410A,A1,2088,"3/8",60,15,45,0.6,112,27,139,8.688,3.941,45,TRUE,https://hvaclogic.org/calculators/refrigerant-charge-calculator
SCN-0713,R-410A,A1,2088,"3/8",60,25,35,0.6,112,21,133,8.313,3.771,0,FALSE,https://hvaclogic.org/calculators/refrigerant-charge-calculator
SCN-0714,R-410A,A1,2088,"3/8",60,25,35,0.6,112,21,133,8.313,3.771,15,FALSE,https://hvaclogic.org/calculators/refrigerant-charge-calculator
SCN-0715,R-410A,A1,2088,"3/8",60,25,35,0.6,112,21,133,8.313,3.771,30,TRUE,https://hvaclogic.org/calculators/refrigerant-charge-calculator
SCN-0716,R-410A,A1,2088,"3/8",60,25,35,0.6,112,21,133,8.313,3.771,45,TRUE,https://hvaclogic.org/calculators/refrigerant-charge-calculator
SCN-0717,R-410A,A1,2088,"3/8",75,15,60,0.6,112,36,148,9.25,4.196,0,FALSE,https://hvaclogic.org/calculators/refrigerant-charge-calculator
SCN-0718,R-410A,A1,2088,"3/8",75,15,60,0.6,112,36,148,9.25,4.196,15,FALSE,https://hvaclogic.org/calculators/refrigerant-charge-calculator
SCN-0719,R-410A,A1,2088,"3/8",75,15,60,0.6,112,36,148,9.25,4.196,30,TRUE,https://hvaclogic.org/calculators/refrigerant-charge-calculator
SCN-0720,R-410A,A1,2088,"3/8",75,15,60,0.6,112,36,148,9.25,4.196,45,TRUE,https://hvaclogic.org/calculators/refrigerant-charge-calculator
SCN-0721,R-410A,A1,2088,"3/8",75,25,50,0.6,112,30,142,8.875,4.026,0,FALSE,https://hvaclogic.org/calculators/refrigerant-charge-calculator
SCN-0722,R-410A,A1,2088,"3/8",75,25,50,0.6,112,30,142,8.875,4.026,15,FALSE,https://hvaclogic.org/calculators/refrigerant-charge-calculator
SCN-0723,R-410A,A1,2088,"3/8",75,25,50,0.6,112,30,142,8.875,4.026,30,TRUE,https://hvaclogic.org/calculators/refrigerant-charge-calculator
SCN-0724,R-410A,A1,2088,"3/8",75,25,50,0.6,112,30,142,8.875,4.026,45,TRUE,https://hvaclogic.org/calculators/refrigerant-charge-calculator
SCN-0725,R-410A,A1,2088,"3/8",100,15,85,0.6,112,51,163,10.188,4.621,0,FALSE,https://hvaclogic.org/calculators/refrigerant-charge-calculator
SCN-0726,R-410A,A1,2088,"3/8",100,15,85,0.6,112,51,163,10.188,4.621,15,FALSE,https://hvaclogic.org/calculators/refrigerant-charge-calculator
SCN-0727,R-410A,A1,2088,"3/8",100,15,85,0.6,112,51,163,10.188,4.621,30,TRUE,https://hvaclogic.org/calculators/refrigerant-charge-calculator
SCN-0728,R-410A,A1,2088,"3/8",100,15,85,0.6,112,51,163,10.188,4.621,45,TRUE,https://hvaclogic.org/calculators/refrigerant-charge-calculator
SCN-0729,R-410A,A1,2088,"3/8",100,25,75,0.6,112,45,157,9.813,4.451,0,FALSE,https://hvaclogic.org/calculators/refrigerant-charge-calculator
SCN-0730,R-410A,A1,2088,"3/8",100,25,75,0.6,112,45,157,9.813,4.451,15,FALSE,https://hvaclogic.org/calculators/refrigerant-charge-calculator
SCN-0731,R-410A,A1,2088,"3/8",100,25,75,0.6,112,45,157,9.813,4.451,30,TRUE,https://hvaclogic.org/calculators/refrigerant-charge-calculator
SCN-0732,R-410A,A1,2088,"3/8",100,25,75,0.6,112,45,157,9.813,4.451,45,TRUE,https://hvaclogic.org/calculators/refrigerant-charge-calculator
SCN-0733,R-410A,A1,2088,"3/8",125,15,110,0.6,112,66,178,11.125,5.046,0,FALSE,https://hvaclogic.org/calculators/refrigerant-charge-calculator
SCN-0734,R-410A,A1,2088,"3/8",125,15,110,0.6,112,66,178,11.125,5.046,15,FALSE,https://hvaclogic.org/calculators/refrigerant-charge-calculator
SCN-0735,R-410A,A1,2088,"3/8",125,15,110,0.6,112,66,178,11.125,5.046,30,TRUE,https://hvaclogic.org/calculators/refrigerant-charge-calculator
SCN-0736,R-410A,A1,2088,"3/8",125,15,110,0.6,112,66,178,11.125,5.046,45,TRUE,https://hvaclogic.org/calculators/refrigerant-charge-calculator
SCN-0737,R-410A,A1,2088,"3/8",125,25,100,0.6,112,60,172,10.75,4.876,0,FALSE,https://hvaclogic.org/calculators/refrigerant-charge-calculator
SCN-0738,R-410A,A1,2088,"3/8",125,25,100,0.6,112,60,172,10.75,4.876,15,FALSE,https://hvaclogic.org/calculators/refrigerant-charge-calculator
SCN-0739,R-410A,A1,2088,"3/8",125,25,100,0.6,112,60,172,10.75,4.876,30,TRUE,https://hvaclogic.org/calculators/refrigerant-charge-calculator
SCN-0740,R-410A,A1,2088,"3/8",125,25,100,0.6,112,60,172,10.75,4.876,45,TRUE,https://hvaclogic.org/calculators/refrigerant-charge-calculator
SCN-0741,R-410A,A1,2088,"3/8",150,15,135,0.6,112,81,193,12.063,5.472,0,FALSE,https://hvaclogic.org/calculators/refrigerant-charge-calculator
SCN-0742,R-410A,A1,2088,"3/8",150,15,135,0.6,112,81,193,12.063,5.472,15,FALSE,https://hvaclogic.org/calculators/refrigerant-charge-calculator
SCN-0743,R-410A,A1,2088,"3/8",150,15,135,0.6,112,81,193,12.063,5.472,30,TRUE,https://hvaclogic.org/calculators/refrigerant-charge-calculator
SCN-0744,R-410A,A1,2088,"3/8",150,15,135,0.6,112,81,193,12.063,5.472,45,TRUE,https://hvaclogic.org/calculators/refrigerant-charge-calculator
SCN-0745,R-410A,A1,2088,"3/8",150,25,125,0.6,112,75,187,11.688,5.302,0,FALSE,https://hvaclogic.org/calculators/refrigerant-charge-calculator
SCN-0746,R-410A,A1,2088,"3/8",150,25,125,0.6,112,75,187,11.688,5.302,15,FALSE,https://hvaclogic.org/calculators/refrigerant-charge-calculator
SCN-0747,R-410A,A1,2088,"3/8",150,25,125,0.6,112,75,187,11.688,5.302,30,TRUE,https://hvaclogic.org/calculators/refrigerant-charge-calculator
SCN-0748,R-410A,A1,2088,"3/8",150,25,125,0.6,112,75,187,11.688,5.302,45,TRUE,https://hvaclogic.org/calculators/refrigerant-charge-calculator
SCN-0749,R-410A,A1,2088,"1/2",15,15,0,1.15,144,0,144,9,4.082,0,FALSE,https://hvaclogic.org/calculators/refrigerant-charge-calculator
SCN-0750,R-410A,A1,2088,"1/2",15,15,0,1.15,144,0,144,9,4.082,15,FALSE,https://hvaclogic.org/calculators/refrigerant-charge-calculator
SCN-0751,R-410A,A1,2088,"1/2",20,15,5,1.15,144,5.75,149.75,9.359,4.245,0,FALSE,https://hvaclogic.org/calculators/refrigerant-charge-calculator
SCN-0752,R-410A,A1,2088,"1/2",20,15,5,1.15,144,5.75,149.75,9.359,4.245,15,FALSE,https://hvaclogic.org/calculators/refrigerant-charge-calculator
SCN-0753,R-410A,A1,2088,"1/2",25,15,10,1.15,144,11.5,155.5,9.719,4.408,0,FALSE,https://hvaclogic.org/calculators/refrigerant-charge-calculator
SCN-0754,R-410A,A1,2088,"1/2",25,15,10,1.15,144,11.5,155.5,9.719,4.408,15,FALSE,https://hvaclogic.org/calculators/refrigerant-charge-calculator
SCN-0755,R-410A,A1,2088,"1/2",25,25,0,1.15,144,0,144,9,4.082,0,FALSE,https://hvaclogic.org/calculators/refrigerant-charge-calculator
SCN-0756,R-410A,A1,2088,"1/2",25,25,0,1.15,144,0,144,9,4.082,15,FALSE,https://hvaclogic.org/calculators/refrigerant-charge-calculator
SCN-0757,R-410A,A1,2088,"1/2",30,15,15,1.15,144,17.25,161.25,10.078,4.571,0,FALSE,https://hvaclogic.org/calculators/refrigerant-charge-calculator
SCN-0758,R-410A,A1,2088,"1/2",30,15,15,1.15,144,17.25,161.25,10.078,4.571,15,FALSE,https://hvaclogic.org/calculators/refrigerant-charge-calculator
SCN-0759,R-410A,A1,2088,"1/2",30,15,15,1.15,144,17.25,161.25,10.078,4.571,30,TRUE,https://hvaclogic.org/calculators/refrigerant-charge-calculator
SCN-0760,R-410A,A1,2088,"1/2",30,25,5,1.15,144,5.75,149.75,9.359,4.245,0,FALSE,https://hvaclogic.org/calculators/refrigerant-charge-calculator
SCN-0761,R-410A,A1,2088,"1/2",30,25,5,1.15,144,5.75,149.75,9.359,4.245,15,FALSE,https://hvaclogic.org/calculators/refrigerant-charge-calculator
SCN-0762,R-410A,A1,2088,"1/2",30,25,5,1.15,144,5.75,149.75,9.359,4.245,30,TRUE,https://hvaclogic.org/calculators/refrigerant-charge-calculator
SCN-0763,R-410A,A1,2088,"1/2",40,15,25,1.15,144,28.75,172.75,10.797,4.897,0,FALSE,https://hvaclogic.org/calculators/refrigerant-charge-calculator
SCN-0764,R-410A,A1,2088,"1/2",40,15,25,1.15,144,28.75,172.75,10.797,4.897,15,FALSE,https://hvaclogic.org/calculators/refrigerant-charge-calculator
SCN-0765,R-410A,A1,2088,"1/2",40,15,25,1.15,144,28.75,172.75,10.797,4.897,30,TRUE,https://hvaclogic.org/calculators/refrigerant-charge-calculator
SCN-0766,R-410A,A1,2088,"1/2",40,25,15,1.15,144,17.25,161.25,10.078,4.571,0,FALSE,https://hvaclogic.org/calculators/refrigerant-charge-calculator
SCN-0767,R-410A,A1,2088,"1/2",40,25,15,1.15,144,17.25,161.25,10.078,4.571,15,FALSE,https://hvaclogic.org/calculators/refrigerant-charge-calculator
SCN-0768,R-410A,A1,2088,"1/2",40,25,15,1.15,144,17.25,161.25,10.078,4.571,30,TRUE,https://hvaclogic.org/calculators/refrigerant-charge-calculator
SCN-0769,R-410A,A1,2088,"1/2",50,15,35,1.15,144,40.25,184.25,11.516,5.224,0,FALSE,https://hvaclogic.org/calculators/refrigerant-charge-calculator
SCN-0770,R-410A,A1,2088,"1/2",50,15,35,1.15,144,40.25,184.25,11.516,5.224,15,FALSE,https://hvaclogic.org/calculators/refrigerant-charge-calculator
SCN-0771,R-410A,A1,2088,"1/2",50,15,35,1.15,144,40.25,184.25,11.516,5.224,30,TRUE,https://hvaclogic.org/calculators/refrigerant-charge-calculator
SCN-0772,R-410A,A1,2088,"1/2",50,15,35,1.15,144,40.25,184.25,11.516,5.224,45,TRUE,https://hvaclogic.org/calculators/refrigerant-charge-calculator
SCN-0773,R-410A,A1,2088,"1/2",50,25,25,1.15,144,28.75,172.75,10.797,4.897,0,FALSE,https://hvaclogic.org/calculators/refrigerant-charge-calculator
SCN-0774,R-410A,A1,2088,"1/2",50,25,25,1.15,144,28.75,172.75,10.797,4.897,15,FALSE,https://hvaclogic.org/calculators/refrigerant-charge-calculator
SCN-0775,R-410A,A1,2088,"1/2",50,25,25,1.15,144,28.75,172.75,10.797,4.897,30,TRUE,https://hvaclogic.org/calculators/refrigerant-charge-calculator
SCN-0776,R-410A,A1,2088,"1/2",50,25,25,1.15,144,28.75,172.75,10.797,4.897,45,TRUE,https://hvaclogic.org/calculators/refrigerant-charge-calculator
SCN-0777,R-410A,A1,2088,"1/2",60,15,45,1.15,144,51.75,195.75,12.234,5.549,0,FALSE,https://hvaclogic.org/calculators/refrigerant-charge-calculator
SCN-0778,R-410A,A1,2088,"1/2",60,15,45,1.15,144,51.75,195.75,12.234,5.549,15,FALSE,https://hvaclogic.org/calculators/refrigerant-charge-calculator
SCN-0779,R-410A,A1,2088,"1/2",60,15,45,1.15,144,51.75,195.75,12.234,5.549,30,TRUE,https://hvaclogic.org/calculators/refrigerant-charge-calculator
SCN-0780,R-410A,A1,2088,"1/2",60,15,45,1.15,144,51.75,195.75,12.234,5.549,45,TRUE,https://hvaclogic.org/calculators/refrigerant-charge-calculator
SCN-0781,R-410A,A1,2088,"1/2",60,25,35,1.15,144,40.25,184.25,11.516,5.224,0,FALSE,https://hvaclogic.org/calculators/refrigerant-charge-calculator
SCN-0782,R-410A,A1,2088,"1/2",60,25,35,1.15,144,40.25,184.25,11.516,5.224,15,FALSE,https://hvaclogic.org/calculators/refrigerant-charge-calculator
SCN-0783,R-410A,A1,2088,"1/2",60,25,35,1.15,144,40.25,184.25,11.516,5.224,30,TRUE,https://hvaclogic.org/calculators/refrigerant-charge-calculator
SCN-0784,R-410A,A1,2088,"1/2",60,25,35,1.15,144,40.25,184.25,11.516,5.224,45,TRUE,https://hvaclogic.org/calculators/refrigerant-charge-calculator
SCN-0785,R-410A,A1,2088,"1/2",75,15,60,1.15,144,69,213,13.313,6.039,0,FALSE,https://hvaclogic.org/calculators/refrigerant-charge-calculator
SCN-0786,R-410A,A1,2088,"1/2",75,15,60,1.15,144,69,213,13.313,6.039,15,FALSE,https://hvaclogic.org/calculators/refrigerant-charge-calculator
SCN-0787,R-410A,A1,2088,"1/2",75,15,60,1.15,144,69,213,13.313,6.039,30,TRUE,https://hvaclogic.org/calculators/refrigerant-charge-calculator
SCN-0788,R-410A,A1,2088,"1/2",75,15,60,1.15,144,69,213,13.313,6.039,45,TRUE,https://hvaclogic.org/calculators/refrigerant-charge-calculator
SCN-0789,R-410A,A1,2088,"1/2",75,25,50,1.15,144,57.5,201.5,12.594,5.713,0,FALSE,https://hvaclogic.org/calculators/refrigerant-charge-calculator
SCN-0790,R-410A,A1,2088,"1/2",75,25,50,1.15,144,57.5,201.5,12.594,5.713,15,FALSE,https://hvaclogic.org/calculators/refrigerant-charge-calculator
SCN-0791,R-410A,A1,2088,"1/2",75,25,50,1.15,144,57.5,201.5,12.594,5.713,30,TRUE,https://hvaclogic.org/calculators/refrigerant-charge-calculator
SCN-0792,R-410A,A1,2088,"1/2",75,25,50,1.15,144,57.5,201.5,12.594,5.713,45,TRUE,https://hvaclogic.org/calculators/refrigerant-charge-calculator
SCN-0793,R-410A,A1,2088,"1/2",100,15,85,1.15,144,97.75,241.75,15.109,6.853,0,FALSE,https://hvaclogic.org/calculators/refrigerant-charge-calculator
SCN-0794,R-410A,A1,2088,"1/2",100,15,85,1.15,144,97.75,241.75,15.109,6.853,15,FALSE,https://hvaclogic.org/calculators/refrigerant-charge-calculator
SCN-0795,R-410A,A1,2088,"1/2",100,15,85,1.15,144,97.75,241.75,15.109,6.853,30,TRUE,https://hvaclogic.org/calculators/refrigerant-charge-calculator
SCN-0796,R-410A,A1,2088,"1/2",100,15,85,1.15,144,97.75,241.75,15.109,6.853,45,TRUE,https://hvaclogic.org/calculators/refrigerant-charge-calculator
SCN-0797,R-410A,A1,2088,"1/2",100,25,75,1.15,144,86.25,230.25,14.391,6.528,0,FALSE,https://hvaclogic.org/calculators/refrigerant-charge-calculator
SCN-0798,R-410A,A1,2088,"1/2",100,25,75,1.15,144,86.25,230.25,14.391,6.528,15,FALSE,https://hvaclogic.org/calculators/refrigerant-charge-calculator
SCN-0799,R-410A,A1,2088,"1/2",100,25,75,1.15,144,86.25,230.25,14.391,6.528,30,TRUE,https://hvaclogic.org/calculators/refrigerant-charge-calculator
SCN-0800,R-410A,A1,2088,"1/2",100,25,75,1.15,144,86.25,230.25,14.391,6.528,45,TRUE,https://hvaclogic.org/calculators/refrigerant-charge-calculator
SCN-0801,R-410A,A1,2088,"1/2",125,15,110,1.15,144,126.5,270.5,16.906,7.668,0,FALSE,https://hvaclogic.org/calculators/refrigerant-charge-calculator
SCN-0802,R-410A,A1,2088,"1/2",125,15,110,1.15,144,126.5,270.5,16.906,7.668,15,FALSE,https://hvaclogic.org/calculators/refrigerant-charge-calculator
SCN-0803,R-410A,A1,2088,"1/2",125,15,110,1.15,144,126.5,270.5,16.906,7.668,30,TRUE,https://hvaclogic.org/calculators/refrigerant-charge-calculator
SCN-0804,R-410A,A1,2088,"1/2",125,15,110,1.15,144,126.5,270.5,16.906,7.668,45,TRUE,https://hvaclogic.org/calculators/refrigerant-charge-calculator
SCN-0805,R-410A,A1,2088,"1/2",125,25,100,1.15,144,115,259,16.188,7.343,0,FALSE,https://hvaclogic.org/calculators/refrigerant-charge-calculator
SCN-0806,R-410A,A1,2088,"1/2",125,25,100,1.15,144,115,259,16.188,7.343,15,FALSE,https://hvaclogic.org/calculators/refrigerant-charge-calculator
SCN-0807,R-410A,A1,2088,"1/2",125,25,100,1.15,144,115,259,16.188,7.343,30,TRUE,https://hvaclogic.org/calculators/refrigerant-charge-calculator
SCN-0808,R-410A,A1,2088,"1/2",125,25,100,1.15,144,115,259,16.188,7.343,45,TRUE,https://hvaclogic.org/calculators/refrigerant-charge-calculator
SCN-0809,R-410A,A1,2088,"1/2",150,15,135,1.15,144,155.25,299.25,18.703,8.484,0,FALSE,https://hvaclogic.org/calculators/refrigerant-charge-calculator
SCN-0810,R-410A,A1,2088,"1/2",150,15,135,1.15,144,155.25,299.25,18.703,8.484,15,FALSE,https://hvaclogic.org/calculators/refrigerant-charge-calculator
SCN-0811,R-410A,A1,2088,"1/2",150,15,135,1.15,144,155.25,299.25,18.703,8.484,30,TRUE,https://hvaclogic.org/calculators/refrigerant-charge-calculator
SCN-0812,R-410A,A1,2088,"1/2",150,15,135,1.15,144,155.25,299.25,18.703,8.484,45,TRUE,https://hvaclogic.org/calculators/refrigerant-charge-calculator
SCN-0813,R-410A,A1,2088,"1/2",150,25,125,1.15,144,143.75,287.75,17.984,8.157,0,FALSE,https://hvaclogic.org/calculators/refrigerant-charge-calculator
SCN-0814,R-410A,A1,2088,"1/2",150,25,125,1.15,144,143.75,287.75,17.984,8.157,15,FALSE,https://hvaclogic.org/calculators/refrigerant-charge-calculator
SCN-0815,R-410A,A1,2088,"1/2",150,25,125,1.15,144,143.75,287.75,17.984,8.157,30,TRUE,https://hvaclogic.org/calculators/refrigerant-charge-calculator
SCN-0816,R-410A,A1,2088,"1/2",150,25,125,1.15,144,143.75,287.75,17.984,8.157,45,TRUE,https://hvaclogic.org/calculators/refrigerant-charge-calculator